#
# There is insufficient memory for the Java Runtime Environment to continue.
# Native memory allocation (malloc) failed to allocate 32744 bytes. Error detail: ChunkPool::allocate
# Possible reasons:
#   The system is out of physical RAM or swap space
#   This process is running with CompressedOops enabled, and the Java Heap may be blocking the growth of the native heap
# Possible solutions:
#   Reduce memory load on the system
#   Increase physical memory or swap space
#   Check if swap backing store is full
#   Decrease Java heap size (-Xmx/-Xms)
#   Decrease number of Java threads
#   Decrease Java thread stack sizes (-Xss)
#   Set larger code cache with -XX:ReservedCodeCacheSize=
#   JVM is running with Unscaled Compressed Oops mode in which the Java heap is
#     placed in the first 4GB address space. The Java Heap base address is the
#     maximum limit for the native heap growth. Please use -XX:HeapBaseMinAddress
#     to set the Java Heap base and to place the Java Heap above 4GB virtual address.
# This output file may be truncated or incomplete.
#
#  Out of Memory Error (arena.cpp:79), pid=3252, tid=21376
#
# JRE version: OpenJDK Runtime Environment Microsoft-14940689 (17.0.20.1+1) (build 17.0.20.1+1-LTS)
# Java VM: OpenJDK 64-Bit Server VM Microsoft-14940689 (17.0.20.1+1-LTS, mixed mode, sharing, tiered, compressed oops, compressed class ptrs, g1 gc, windows-amd64)
# No core dump will be written. Minidumps are not enabled by default on client versions of Windows
#

---------------  S U M M A R Y ------------

Command Line: --add-opens=java.base/java.lang=ALL-UNNAMED --add-opens=java.base/java.lang.invoke=ALL-UNNAMED --add-opens=java.base/java.util=ALL-UNNAMED --add-opens=java.prefs/java.util.prefs=ALL-UNNAMED --add-exports=jdk.compiler/com.sun.tools.javac.api=ALL-UNNAMED --add-exports=jdk.compiler/com.sun.tools.javac.util=ALL-UNNAMED --add-opens=java.base/java.util=ALL-UNNAMED --add-opens=java.prefs/java.util.prefs=ALL-UNNAMED --add-opens=java.base/java.nio.charset=ALL-UNNAMED --add-opens=java.base/java.net=ALL-UNNAMED --add-opens=java.base/java.util.concurrent.atomic=ALL-UNNAMED --add-opens=java.xml/javax.xml.namespace=ALL-UNNAMED -XX:MaxMetaspaceSize=512m -Xmx2048m -Dfile.encoding=windows-1252 -Duser.country=US -Duser.language=en -Duser.variant -javaagent:C:\Users\abhayr\.gradle\wrapper\dists\gradle-8.13-bin\5xuhj0ry160q40clulazy9h7d\gradle-8.13\lib\agents\gradle-instrumentation-agent-8.13.jar org.gradle.launcher.daemon.bootstrap.GradleDaemon 8.13

Host: Intel(R) Core(TM) i5-10505 CPU @ 3.20GHz, 12 cores, 15G,  Windows 11 , 64 bit Build 26100 (10.0.26100.9444)
Time: Tue Sep 22 16:31:16 2026 India Standard Time elapsed time: 176.504460 seconds (0d 0h 2m 56s)

---------------  T H R E A D  ---------------

Current thread (0x000001afc0cd74b0):  JavaThread "C2 CompilerThread0" daemon [_thread_in_native, id=21376, stack(0x0000008194d00000,0x0000008194e00000)]


Current CompileTask:
C2:176504 22793       4       org.gradle.internal.operations.CurrentBuildOperationRef::set (20 bytes)

Stack: [0x0000008194d00000,0x0000008194e00000]
Native frames: (J=compiled Java code, j=interpreted, Vv=VM code, C=native code)
V  [jvm.dll+0x68d159]  (no source info available)
V  [jvm.dll+0x8462c9]  (no source info available)
V  [jvm.dll+0x84803b]  (no source info available)
V  [jvm.dll+0x8486c3]  (no source info available)
V  [jvm.dll+0x24d12f]  (no source info available)
V  [jvm.dll+0xaef5e]  (no source info available)
V  [jvm.dll+0xaf3fc]  (no source info available)
V  [jvm.dll+0x62fca6]  (no source info available)
V  [jvm.dll+0x36fa15]  (no source info available)
V  [jvm.dll+0x2db995]  (no source info available)
V  [jvm.dll+0x2dc802]  (no source info available)
V  [jvm.dll+0x65409d]  (no source info available)
V  [jvm.dll+0x11700c]  (no source info available)
V  [jvm.dll+0x34bc28]  (no source info available)
V  [jvm.dll+0x6ab907]  (no source info available)
V  [jvm.dll+0x6aac04]  (no source info available)
V  [jvm.dll+0x6a603b]  (no source info available)
V  [jvm.dll+0x6a01a8]  (no source info available)
V  [jvm.dll+0x69fa3a]  (no source info available)
V  [jvm.dll+0x69d7bc]  (no source info available)
V  [jvm.dll+0x1abdbc]  (no source info available)
V  [jvm.dll+0x2b3f3c]  (no source info available)
V  [jvm.dll+0x6a8033]  (no source info available)
V  [jvm.dll+0x6a01a8]  (no source info available)
V  [jvm.dll+0x69fa3a]  (no source info available)
V  [jvm.dll+0x69d7bc]  (no source info available)
V  [jvm.dll+0x1abdbc]  (no source info available)
V  [jvm.dll+0x1ac98b]  (no source info available)
V  [jvm.dll+0x2b3f3c]  (no source info available)
V  [jvm.dll+0x6a8033]  (no source info available)
V  [jvm.dll+0x6a01a8]  (no source info available)
V  [jvm.dll+0x69fa3a]  (no source info available)
V  [jvm.dll+0x69d7bc]  (no source info available)
V  [jvm.dll+0x1abdbc]  (no source info available)
V  [jvm.dll+0x1ac98b]  (no source info available)
V  [jvm.dll+0x1ac98b]  (no source info available)
V  [jvm.dll+0x2b3f3c]  (no source info available)
V  [jvm.dll+0x6a8033]  (no source info available)
V  [jvm.dll+0x6a01a8]  (no source info available)
V  [jvm.dll+0x69fa3a]  (no source info available)
V  [jvm.dll+0x69d7bc]  (no source info available)
V  [jvm.dll+0x1abdbc]  (no source info available)
V  [jvm.dll+0x21d0f2]  (no source info available)
V  [jvm.dll+0x1a8db6]  (no source info available)
V  [jvm.dll+0x22dcdb]  (no source info available)
V  [jvm.dll+0x22be66]  (no source info available)
V  [jvm.dll+0x7fc40b]  (no source info available)
V  [jvm.dll+0x7f67dc]  (no source info available)
V  [jvm.dll+0x68e6f7]  (no source info available)
C  [ucrtbase.dll+0x2cd30]  (no source info available)
C  [KERNEL32.DLL+0x2cd87]  (no source info available)
C  [ntdll.dll+0xacaec]  (no source info available)


---------------  P R O C E S S  ---------------

Threads class SMR info:
_java_thread_list=0x000001afe50f8680, length=205, elements={
0x000001afa3062520, 0x000001afc0cb8c80, 0x000001afc0cb9750, 0x000001afc0ccce00,
0x000001afc0cd16f0, 0x000001afc0cd3fd0, 0x000001afc0cd48a0, 0x000001afc0cd74b0,
0x000001afc0ce0b10, 0x000001afc0cf7450, 0x000001afc0ca32c0, 0x000001afc3a041c0,
0x000001afe4b51690, 0x000001afe4add220, 0x000001afe4bd4550, 0x000001afe4c5c310,
0x000001afe4c5c820, 0x000001afe4c59070, 0x000001afe4c5aed0, 0x000001afe52a4f70,
0x000001afe52a7d00, 0x000001afe52a6dd0, 0x000001afe5fcdb90, 0x000001afe3eaa0b0,
0x000001afe3eaa5c0, 0x000001afe3ea8250, 0x000001afe3ea9180, 0x000001afe3ea8760,
0x000001afe3ea9690, 0x000001afe3ea9ba0, 0x000001afe9792410, 0x000001afe978f680,
0x000001afe978fb90, 0x000001afe8c97f40, 0x000001afe8c9d550, 0x000001afe8c9da60,
0x000001afe8c9f3b0, 0x000001afe5e7bdb0, 0x000001afe5e813c0, 0x000001afe5e7ff80,
0x000001afe5e822f0, 0x000001afe5e818d0, 0x000001afe5e80eb0, 0x000001afe5e7f560,
0x000001afe6c2d9b0, 0x000001afe8576ec0, 0x000001afe85778e0, 0x000001afe85769b0,
0x000001afe7f16f90, 0x000001afe7f16570, 0x000001afe7f15640, 0x000001afe7f16060,
0x000001afe6c2c060, 0x000001afe6c2c570, 0x000001afe6c2ca80, 0x000001afe6c2cf90,
0x000001afe6c2d4a0, 0x000001aff0637ba0, 0x000001aff06385c0, 0x000001afe6b2d440,
0x000001afe6b29c90, 0x000001afe6b2a1a0, 0x000001afe6b2b5e0, 0x000001afe6b2c510,
0x000001afe85461d0, 0x000001afe8575f90, 0x000001afe85773d0, 0x000001afe85764a0,
0x000001afe79fb6e0, 0x000001afe79fbbf0, 0x000001afe79fb1d0, 0x000001afe79fc100,
0x000001afe79f8950, 0x000001afe79f8e60, 0x000001afe79facc0, 0x000001afe79f9370,
0x000001afe79f9880, 0x000001afe79f9d90, 0x000001afe79fa2a0, 0x000001afe79fa7b0,
0x000001afe6b2a6b0, 0x000001afe6b2abc0, 0x000001afe6b2cf30, 0x000001afe6b2baf0,
0x000001afe6b2b0d0, 0x000001afe6b2c000, 0x000001afe6b2ca20, 0x000001afe61fa4b0,
0x000001afe7f15130, 0x000001afe7f13cf0, 0x000001afe7f137e0, 0x000001afe7bb4090,
0x000001afe7bb3b80, 0x000001afe7bb54d0, 0x000001afe7bb45a0, 0x000001afe7bb4fc0,
0x000001afe7bb4ab0, 0x000001afe77bf060, 0x000001afe77be130, 0x000001afe77bdc20,
0x000001afe77bb8b0, 0x000001afe77beb50, 0x000001afe77be640, 0x000001afe77bbdc0,
0x000001afe77bc2d0, 0x000001afe77bc7e0, 0x000001afe77bccf0, 0x000001afe9421ec0,
0x000001afe9423810, 0x000001afe9423300, 0x000001afe94223d0, 0x000001afe94228e0,
0x000001afe9422df0, 0x000001afe6fa2e50, 0x000001afe6fa4290, 0x000001afe6fa3d80,
0x000001afe6fa51c0, 0x000001afe6fa1f20, 0x000001afe6fa47a0, 0x000001afe6fa56d0,
0x000001afe6fa2430, 0x000001afe77bd710, 0x000001afe77bd200, 0x000001afe7f14c20,
0x000001afe7f174a0, 0x000001afe7f179b0, 0x000001afe7f14200, 0x000001afe7f17ec0,
0x000001afe7f14710, 0x000001afe7f183d0, 0x000001afe7f19300, 0x000001afe7f15b50,
0x000001afe7f188e0, 0x000001afe7f18df0, 0x000001afef3d3350, 0x000001afe94bcc20,
0x000001afef3d3860, 0x000001afef3d3d70, 0x000001afef3d4280, 0x000001afef3d4790,
0x000001afe94bdb50, 0x000001afe94be570, 0x000001afe94be060, 0x000001afe94bd130,
0x000001afe94bd640, 0x000001aff03e9af0, 0x000001aff03eaf30, 0x000001aff03e8bc0,
0x000001aff08bb250, 0x000001aff08bc180, 0x000001aff08ba830, 0x000001aff03e90d0,
0x000001aff03e86b0, 0x000001aff03ea000, 0x000001aff03ea510, 0x000001aff03eb440,
0x000001aff03eaa20, 0x000001aff03e95e0, 0x000001aff03eb950, 0x000001afe8542a20,
0x000001afe8543950, 0x000001afe8544370, 0x000001afe8543e60, 0x000001afe8544880,
0x000001afe85452a0, 0x000001afe8544d90, 0x000001afe85457b0, 0x000001afe8545cc0,
0x000001afe9bcef60, 0x000001afef3d4ca0, 0x000001afea7f83a0, 0x000001afea7f6f60,
0x000001afea7f88b0, 0x000001afea7f7470, 0x000001afea7f7980, 0x000001afea7f7e90,
0x000001afe307aaf0, 0x000001afe307a5e0, 0x000001afe307b000, 0x000001afe307c950,
0x000001afe307b510, 0x000001afe307ba20, 0x000001afe307bf30, 0x000001afe307c440,
0x000001afe307ce60, 0x000001afe307d370, 0x000001afe307d880, 0x000001afe307a0d0,
0x000001aff0b07aa0, 0x000001aff0b08ee0, 0x000001aff0b084c0, 0x000001afc3a4bca0,
0x000001afc3a4c1b0, 0x000001afc3a4a860, 0x000001afc3a4b790, 0x000001afc3a4ad70,
0x000001afc3a48a00, 0x000001afe6fa4cb0, 0x000001afe6fa2940, 0x000001afe6fa3360,
0x000001afe61fb3e0, 0x000001afe6fa3870, 0x000001afef3f4760, 0x000001afefc49760,
0x000001afe9bcea50
}

Java Threads: ( => current thread )
  0x000001afa3062520 JavaThread "main" [_thread_blocked, id=32224, stack(0x0000008194000000,0x0000008194100000)]
  0x000001afc0cb8c80 JavaThread "Reference Handler" daemon [_thread_blocked, id=32332, stack(0x0000008194700000,0x0000008194800000)]
  0x000001afc0cb9750 JavaThread "Finalizer" daemon [_thread_blocked, id=19944, stack(0x0000008194800000,0x0000008194900000)]
  0x000001afc0ccce00 JavaThread "Signal Dispatcher" daemon [_thread_blocked, id=18752, stack(0x0000008194900000,0x0000008194a00000)]
  0x000001afc0cd16f0 JavaThread "Attach Listener" daemon [_thread_blocked, id=26064, stack(0x0000008194a00000,0x0000008194b00000)]
  0x000001afc0cd3fd0 JavaThread "Service Thread" daemon [_thread_blocked, id=12284, stack(0x0000008194b00000,0x0000008194c00000)]
  0x000001afc0cd48a0 JavaThread "Monitor Deflation Thread" daemon [_thread_blocked, id=5360, stack(0x0000008194c00000,0x0000008194d00000)]
=>0x000001afc0cd74b0 JavaThread "C2 CompilerThread0" daemon [_thread_in_native, id=21376, stack(0x0000008194d00000,0x0000008194e00000)]
  0x000001afc0ce0b10 JavaThread "C1 CompilerThread0" daemon [_thread_blocked, id=5172, stack(0x0000008194e00000,0x0000008194f00000)]
  0x000001afc0cf7450 JavaThread "Sweeper thread" daemon [_thread_blocked, id=25024, stack(0x0000008194f00000,0x0000008195000000)]
  0x000001afc0ca32c0 JavaThread "Common-Cleaner" daemon [_thread_blocked, id=31932, stack(0x0000008195000000,0x0000008195100000)]
  0x000001afc3a041c0 JavaThread "Notification Thread" daemon [_thread_blocked, id=13892, stack(0x0000008195100000,0x0000008195200000)]
  0x000001afe4b51690 JavaThread "Daemon health stats" [_thread_blocked, id=33376, stack(0x0000008195400000,0x0000008195500000)]
  0x000001afe4add220 JavaThread "Incoming local TCP Connector on port 64113" [_thread_in_native, id=24536, stack(0x0000008195a00000,0x0000008195b00000)]
  0x000001afe4bd4550 JavaThread "Daemon periodic checks" [_thread_blocked, id=19132, stack(0x0000008195b00000,0x0000008195c00000)]
  0x000001afe4c5c310 JavaThread "Cache worker for journal cache (C:\Users\abhayr\.gradle\caches\journal-1)" [_thread_blocked, id=27464, stack(0x0000008196300000,0x0000008196400000)]
  0x000001afe4c5c820 JavaThread "File lock request listener" [_thread_in_native, id=19452, stack(0x0000008196400000,0x0000008196500000)]
  0x000001afe4c59070 JavaThread "Cache worker for file hash cache (C:\Users\abhayr\.gradle\caches\8.13\fileHashes)" [_thread_blocked, id=26632, stack(0x0000008196500000,0x0000008196600000)]
  0x000001afe4c5aed0 JavaThread "File watcher server" daemon [_thread_in_native, id=10060, stack(0x0000008196f00000,0x0000008197000000)]
  0x000001afe52a4f70 JavaThread "File watcher consumer" daemon [_thread_blocked, id=9148, stack(0x0000008197000000,0x0000008197100000)]
  0x000001afe52a7d00 JavaThread "jar transforms" [_thread_blocked, id=30640, stack(0x0000008197300000,0x0000008197400000)]
  0x000001afe52a6dd0 JavaThread "Cache worker for file content cache (C:\Users\abhayr\.gradle\caches\8.13\fileContent)" [_thread_blocked, id=7364, stack(0x0000008197500000,0x0000008197600000)]
  0x000001afe5fcdb90 JavaThread "Memory manager" [_thread_blocked, id=17752, stack(0x0000008195300000,0x0000008195400000)]
  0x000001afe3eaa0b0 JavaThread "ForkJoinPool.commonPool-worker-1" daemon [_thread_blocked, id=4756, stack(0x000000819d400000,0x000000819d500000)]
  0x000001afe3eaa5c0 JavaThread "ForkJoinPool.commonPool-worker-2" daemon [_thread_blocked, id=18744, stack(0x000000819d500000,0x000000819d600000)]
  0x000001afe3ea8250 JavaThread "ForkJoinPool.commonPool-worker-3" daemon [_thread_blocked, id=32144, stack(0x000000819d600000,0x000000819d700000)]
  0x000001afe3ea9180 JavaThread "ForkJoinPool.commonPool-worker-4" daemon [_thread_blocked, id=14476, stack(0x000000819d700000,0x000000819d800000)]
  0x000001afe3ea8760 JavaThread "ForkJoinPool.commonPool-worker-5" daemon [_thread_blocked, id=15980, stack(0x000000819d800000,0x000000819d900000)]
  0x000001afe3ea9690 JavaThread "ForkJoinPool.commonPool-worker-7" daemon [_thread_blocked, id=12512, stack(0x000000819da00000,0x000000819db00000)]
  0x000001afe3ea9ba0 JavaThread "ForkJoinPool.commonPool-worker-8" daemon [_thread_blocked, id=26096, stack(0x000000819db00000,0x000000819dc00000)]
  0x000001afe9792410 JavaThread "ForkJoinPool.commonPool-worker-9" daemon [_thread_blocked, id=4500, stack(0x000000819dc00000,0x000000819dd00000)]
  0x000001afe978f680 JavaThread "ForkJoinPool.commonPool-worker-10" daemon [_thread_blocked, id=13952, stack(0x000000819dd00000,0x000000819de00000)]
  0x000001afe978fb90 JavaThread "ForkJoinPool.commonPool-worker-11" daemon [_thread_blocked, id=33056, stack(0x000000819df00000,0x000000819e000000)]
  0x000001afe8c97f40 JavaThread "jar transforms Thread 2" [_thread_blocked, id=6584, stack(0x00000081a1600000,0x00000081a1700000)]
  0x000001afe8c9d550 JavaThread "jar transforms Thread 3" [_thread_blocked, id=9472, stack(0x00000081a1800000,0x00000081a1900000)]
  0x000001afe8c9da60 JavaThread "jar transforms Thread 4" [_thread_blocked, id=33592, stack(0x00000081a1b00000,0x00000081a1c00000)]
  0x000001afe8c9f3b0 JavaThread "jar transforms Thread 5" [_thread_blocked, id=22780, stack(0x00000081a1d00000,0x00000081a1e00000)]
  0x000001afe5e7bdb0 JavaThread "jar transforms Thread 6" [_thread_blocked, id=22876, stack(0x00000081a1e00000,0x00000081a1f00000)]
  0x000001afe5e813c0 JavaThread "jar transforms Thread 7" [_thread_blocked, id=31444, stack(0x00000081a2000000,0x00000081a2100000)]
  0x000001afe5e7ff80 JavaThread "jar transforms Thread 8" [_thread_blocked, id=13544, stack(0x00000081a2100000,0x00000081a2200000)]
  0x000001afe5e822f0 JavaThread "jar transforms Thread 9" [_thread_blocked, id=10248, stack(0x00000081a2200000,0x00000081a2300000)]
  0x000001afe5e818d0 JavaThread "jar transforms Thread 10" [_thread_blocked, id=28540, stack(0x00000081a2300000,0x00000081a2400000)]
  0x000001afe5e80eb0 JavaThread "jar transforms Thread 11" [_thread_blocked, id=26800, stack(0x00000081a2400000,0x00000081a2500000)]
  0x000001afe5e7f560 JavaThread "jar transforms Thread 12" [_thread_blocked, id=26912, stack(0x00000081a2500000,0x00000081a2600000)]
  0x000001afe6c2d9b0 JavaThread "Daemon Thread 2" [_thread_blocked, id=6424, stack(0x0000008193d00000,0x0000008193e00000)]
  0x000001afe8576ec0 JavaThread "Handler for socket connection from /127.0.0.1:64113 to /127.0.0.1:59489" [_thread_in_native, id=21340, stack(0x0000008193e00000,0x0000008193f00000)]
  0x000001afe85778e0 JavaThread "Cancel handler" [_thread_blocked, id=5220, stack(0x0000008193f00000,0x0000008194000000)]
  0x000001afe85769b0 JavaThread "Daemon worker Thread 2" [_thread_blocked, id=28896, stack(0x0000008195c00000,0x0000008195d00000)]
  0x000001afe7f16f90 JavaThread "Asynchronous log dispatcher for DefaultDaemonConnection: socket connection from /127.0.0.1:64113 to /127.0.0.1:59489" [_thread_blocked, id=29772, stack(0x0000008195d00000,0x0000008195e00000)]
  0x000001afe7f16570 JavaThread "Stdin handler" [_thread_blocked, id=31980, stack(0x0000008195e00000,0x0000008195f00000)]
  0x000001afe7f15640 JavaThread "Daemon client event forwarder" [_thread_blocked, id=17700, stack(0x0000008195f00000,0x0000008196000000)]
  0x000001afe7f16060 JavaThread "Cache worker for file hash cache (D:\Lock Screen\android\.gradle\8.13\fileHashes)" [_thread_blocked, id=10816, stack(0x0000008196000000,0x0000008196100000)]
  0x000001afe6c2c060 JavaThread "Cache worker for Build Output Cleanup Cache (D:\Lock Screen\android\.gradle\buildOutputCleanup)" [_thread_blocked, id=26720, stack(0x0000008196100000,0x0000008196200000)]
  0x000001afe6c2c570 JavaThread "Cache worker for checksums cache (D:\Lock Screen\android\.gradle\8.13\checksums)" [_thread_blocked, id=17288, stack(0x0000008196600000,0x0000008196700000)]
  0x000001afe6c2ca80 JavaThread "Exec process Thread 4" [_thread_in_native, id=30752, stack(0x0000008196700000,0x0000008196800000)]
  0x000001afe6c2cf90 JavaThread "Exec process Thread 5" [_thread_in_native, id=8876, stack(0x0000008196800000,0x0000008196900000)]
  0x000001afe6c2d4a0 JavaThread "Exec process Thread 6" [_thread_in_native, id=3024, stack(0x0000008197400000,0x0000008197500000)]
  0x000001aff0637ba0 JavaThread "Cache worker for cache directory md-supplier (C:\Users\abhayr\.gradle\caches\8.13\md-supplier)" [_thread_blocked, id=2156, stack(0x0000008196200000,0x0000008196300000)]
  0x000001aff06385c0 JavaThread "Cache worker for cache directory md-rule (C:\Users\abhayr\.gradle\caches\8.13\md-rule)" [_thread_blocked, id=11484, stack(0x0000008197600000,0x0000008197700000)]
  0x000001afe6b2d440 JavaThread "Cache worker for Build Output Cleanup Cache (D:\Lock Screen\node_modules\@react-native\gradle-plugin\.gradle\buildOutputCleanup)" [_thread_blocked, id=32092, stack(0x0000008197700000,0x0000008197800000)]
  0x000001afe6b29c90 JavaThread "Unconstrained build operations" [_thread_blocked, id=32456, stack(0x0000008197800000,0x0000008197900000)]
  0x000001afe6b2a1a0 JavaThread "Unconstrained build operations Thread 2" [_thread_blocked, id=30768, stack(0x0000008197900000,0x0000008197a00000)]
  0x000001afe6b2b5e0 JavaThread "Unconstrained build operations Thread 3" [_thread_blocked, id=4608, stack(0x0000008197a00000,0x0000008197b00000)]
  0x000001afe6b2c510 JavaThread "Unconstrained build operations Thread 4" [_thread_blocked, id=728, stack(0x0000008197b00000,0x0000008197c00000)]
  0x000001afe85461d0 JavaThread "Cache worker for Build Output Cleanup Cache (D:\Lock Screen\node_modules\expo-modules-autolinking\android\expo-gradle-plugin\.gradle\buildOutputCleanup)" [_thread_blocked, id=24640, stack(0x0000008197d00000,0x0000008197e00000)]
  0x000001afe8575f90 JavaThread "Unconstrained build operations Thread 5" [_thread_blocked, id=21320, stack(0x0000008197f00000,0x0000008198000000)]
  0x000001afe85773d0 JavaThread "Unconstrained build operations Thread 6" [_thread_blocked, id=11988, stack(0x0000008198000000,0x0000008198100000)]
  0x000001afe85764a0 JavaThread "Unconstrained build operations Thread 7" [_thread_blocked, id=9908, stack(0x0000008198100000,0x0000008198200000)]
  0x000001afe79fb6e0 JavaThread "Unconstrained build operations Thread 8" [_thread_blocked, id=24856, stack(0x0000008198200000,0x0000008198300000)]
  0x000001afe79fbbf0 JavaThread "Unconstrained build operations Thread 9" [_thread_blocked, id=32312, stack(0x0000008198300000,0x0000008198400000)]
  0x000001afe79fb1d0 JavaThread "Unconstrained build operations Thread 10" [_thread_blocked, id=29276, stack(0x0000008198400000,0x0000008198500000)]
  0x000001afe79fc100 JavaThread "Unconstrained build operations Thread 11" [_thread_blocked, id=4372, stack(0x0000008198500000,0x0000008198600000)]
  0x000001afe79f8950 JavaThread "Unconstrained build operations Thread 12" [_thread_blocked, id=13296, stack(0x0000008198600000,0x0000008198700000)]
  0x000001afe79f8e60 JavaThread "Unconstrained build operations Thread 13" [_thread_blocked, id=1840, stack(0x0000008198700000,0x0000008198800000)]
  0x000001afe79facc0 JavaThread "Unconstrained build operations Thread 14" [_thread_blocked, id=15448, stack(0x0000008198800000,0x0000008198900000)]
  0x000001afe79f9370 JavaThread "Unconstrained build operations Thread 15" [_thread_blocked, id=6228, stack(0x0000008198900000,0x0000008198a00000)]
  0x000001afe79f9880 JavaThread "Unconstrained build operations Thread 16" [_thread_blocked, id=19296, stack(0x0000008198a00000,0x0000008198b00000)]
  0x000001afe79f9d90 JavaThread "Unconstrained build operations Thread 17" [_thread_blocked, id=2356, stack(0x0000008198b00000,0x0000008198c00000)]
  0x000001afe79fa2a0 JavaThread "Unconstrained build operations Thread 18" [_thread_blocked, id=7872, stack(0x0000008198c00000,0x0000008198d00000)]
  0x000001afe79fa7b0 JavaThread "Unconstrained build operations Thread 19" [_thread_blocked, id=20244, stack(0x0000008198d00000,0x0000008198e00000)]
  0x000001afe6b2a6b0 JavaThread "Unconstrained build operations Thread 20" [_thread_blocked, id=25716, stack(0x0000008198e00000,0x0000008198f00000)]
  0x000001afe6b2abc0 JavaThread "Unconstrained build operations Thread 21" [_thread_blocked, id=17716, stack(0x0000008198f00000,0x0000008199000000)]
  0x000001afe6b2cf30 JavaThread "Unconstrained build operations Thread 22" [_thread_blocked, id=20432, stack(0x0000008199000000,0x0000008199100000)]
  0x000001afe6b2baf0 JavaThread "Unconstrained build operations Thread 23" [_thread_blocked, id=5868, stack(0x0000008199100000,0x0000008199200000)]
  0x000001afe6b2b0d0 JavaThread "Unconstrained build operations Thread 24" [_thread_blocked, id=24432, stack(0x0000008199200000,0x0000008199300000)]
  0x000001afe6b2c000 JavaThread "Unconstrained build operations Thread 25" [_thread_blocked, id=31544, stack(0x0000008199300000,0x0000008199400000)]
  0x000001afe6b2ca20 JavaThread "Unconstrained build operations Thread 26" [_thread_blocked, id=5296, stack(0x0000008199400000,0x0000008199500000)]
  0x000001afe61fa4b0 JavaThread "build event listener" [_thread_blocked, id=23892, stack(0x0000008199500000,0x0000008199600000)]
  0x000001afe7f15130 JavaThread "Unconstrained build operations Thread 27" [_thread_blocked, id=424, stack(0x0000008199600000,0x0000008199700000)]
  0x000001afe7f13cf0 JavaThread "Unconstrained build operations Thread 28" [_thread_blocked, id=21708, stack(0x0000008199700000,0x0000008199800000)]
  0x000001afe7f137e0 JavaThread "Unconstrained build operations Thread 29" [_thread_blocked, id=26740, stack(0x0000008199800000,0x0000008199900000)]
  0x000001afe7bb4090 JavaThread "Unconstrained build operations Thread 30" [_thread_blocked, id=5856, stack(0x0000008199900000,0x0000008199a00000)]
  0x000001afe7bb3b80 JavaThread "Unconstrained build operations Thread 31" [_thread_blocked, id=33628, stack(0x0000008199a00000,0x0000008199b00000)]
  0x000001afe7bb54d0 JavaThread "Unconstrained build operations Thread 32" [_thread_blocked, id=17140, stack(0x0000008199b00000,0x0000008199c00000)]
  0x000001afe7bb45a0 JavaThread "Unconstrained build operations Thread 33" [_thread_blocked, id=32772, stack(0x0000008199c00000,0x0000008199d00000)]
  0x000001afe7bb4fc0 JavaThread "Unconstrained build operations Thread 34" [_thread_blocked, id=10744, stack(0x0000008199d00000,0x0000008199e00000)]
  0x000001afe7bb4ab0 JavaThread "Unconstrained build operations Thread 35" [_thread_blocked, id=7192, stack(0x0000008199e00000,0x0000008199f00000)]
  0x000001afe77bf060 JavaThread "Unconstrained build operations Thread 36" [_thread_blocked, id=25736, stack(0x0000008199f00000,0x000000819a000000)]
  0x000001afe77be130 JavaThread "Unconstrained build operations Thread 37" [_thread_blocked, id=30240, stack(0x000000819a000000,0x000000819a100000)]
  0x000001afe77bdc20 JavaThread "Unconstrained build operations Thread 38" [_thread_blocked, id=27792, stack(0x000000819a100000,0x000000819a200000)]
  0x000001afe77bb8b0 JavaThread "Unconstrained build operations Thread 39" [_thread_blocked, id=24512, stack(0x000000819a200000,0x000000819a300000)]
  0x000001afe77beb50 JavaThread "Unconstrained build operations Thread 40" [_thread_blocked, id=29488, stack(0x000000819a300000,0x000000819a400000)]
  0x000001afe77be640 JavaThread "Unconstrained build operations Thread 41" [_thread_blocked, id=26716, stack(0x000000819a400000,0x000000819a500000)]
  0x000001afe77bbdc0 JavaThread "Unconstrained build operations Thread 42" [_thread_blocked, id=33036, stack(0x000000819a500000,0x000000819a600000)]
  0x000001afe77bc2d0 JavaThread "Unconstrained build operations Thread 43" [_thread_blocked, id=32688, stack(0x000000819a600000,0x000000819a700000)]
  0x000001afe77bc7e0 JavaThread "Unconstrained build operations Thread 44" [_thread_blocked, id=33460, stack(0x000000819a700000,0x000000819a800000)]
  0x000001afe77bccf0 JavaThread "Unconstrained build operations Thread 45" [_thread_blocked, id=18696, stack(0x000000819a800000,0x000000819a900000)]
  0x000001afe9421ec0 JavaThread "Unconstrained build operations Thread 46" [_thread_blocked, id=33548, stack(0x000000819a900000,0x000000819aa00000)]
  0x000001afe9423810 JavaThread "Unconstrained build operations Thread 47" [_thread_blocked, id=32676, stack(0x000000819aa00000,0x000000819ab00000)]
  0x000001afe9423300 JavaThread "Unconstrained build operations Thread 48" [_thread_blocked, id=384, stack(0x000000819ab00000,0x000000819ac00000)]
  0x000001afe94223d0 JavaThread "build event listener" [_thread_blocked, id=26240, stack(0x000000819ac00000,0x000000819ad00000)]
  0x000001afe94228e0 JavaThread "Unconstrained build operations Thread 49" [_thread_blocked, id=16392, stack(0x000000819ad00000,0x000000819ae00000)]
  0x000001afe9422df0 JavaThread "Unconstrained build operations Thread 50" [_thread_blocked, id=21932, stack(0x000000819ae00000,0x000000819af00000)]
  0x000001afe6fa2e50 JavaThread "Unconstrained build operations Thread 51" [_thread_blocked, id=25780, stack(0x000000819af00000,0x000000819b000000)]
  0x000001afe6fa4290 JavaThread "Unconstrained build operations Thread 52" [_thread_blocked, id=13704, stack(0x000000819b000000,0x000000819b100000)]
  0x000001afe6fa3d80 JavaThread "Unconstrained build operations Thread 53" [_thread_blocked, id=13148, stack(0x000000819b100000,0x000000819b200000)]
  0x000001afe6fa51c0 JavaThread "Unconstrained build operations Thread 54" [_thread_blocked, id=5036, stack(0x000000819b200000,0x000000819b300000)]
  0x000001afe6fa1f20 JavaThread "Unconstrained build operations Thread 55" [_thread_blocked, id=4092, stack(0x000000819b300000,0x000000819b400000)]
  0x000001afe6fa47a0 JavaThread "Unconstrained build operations Thread 56" [_thread_blocked, id=7692, stack(0x000000819b400000,0x000000819b500000)]
  0x000001afe6fa56d0 JavaThread "Unconstrained build operations Thread 57" [_thread_blocked, id=33768, stack(0x000000819b500000,0x000000819b600000)]
  0x000001afe6fa2430 JavaThread "Unconstrained build operations Thread 58" [_thread_blocked, id=27256, stack(0x000000819b600000,0x000000819b700000)]
  0x000001afe77bd710 JavaThread "included builds" [_thread_blocked, id=6980, stack(0x000000819b700000,0x000000819b800000)]
  0x000001afe77bd200 JavaThread "included builds Thread 2" [_thread_blocked, id=32088, stack(0x000000819b800000,0x000000819b900000)]
  0x000001afe7f14c20 JavaThread "Execution worker" [_thread_blocked, id=21892, stack(0x000000819b900000,0x000000819ba00000)]
  0x000001afe7f174a0 JavaThread "Execution worker Thread 2" [_thread_blocked, id=28332, stack(0x000000819ba00000,0x000000819bb00000)]
  0x000001afe7f179b0 JavaThread "Execution worker Thread 3" [_thread_blocked, id=12736, stack(0x000000819bb00000,0x000000819bc00000)]
  0x000001afe7f14200 JavaThread "Execution worker Thread 4" [_thread_blocked, id=27020, stack(0x000000819bc00000,0x000000819bd00000)]
  0x000001afe7f17ec0 JavaThread "Execution worker Thread 5" [_thread_blocked, id=32040, stack(0x000000819bd00000,0x000000819be00000)]
  0x000001afe7f14710 JavaThread "Execution worker Thread 6" [_thread_blocked, id=6368, stack(0x000000819be00000,0x000000819bf00000)]
  0x000001afe7f183d0 JavaThread "Execution worker Thread 7" [_thread_blocked, id=24584, stack(0x000000819bf00000,0x000000819c000000)]
  0x000001afe7f19300 JavaThread "Execution worker Thread 8" [_thread_blocked, id=21572, stack(0x000000819c000000,0x000000819c100000)]
  0x000001afe7f15b50 JavaThread "Execution worker Thread 9" [_thread_blocked, id=16768, stack(0x000000819c100000,0x000000819c200000)]
  0x000001afe7f188e0 JavaThread "Execution worker Thread 10" [_thread_blocked, id=29384, stack(0x000000819c200000,0x000000819c300000)]
  0x000001afe7f18df0 JavaThread "Execution worker Thread 11" [_thread_blocked, id=15480, stack(0x000000819c300000,0x000000819c400000)]
  0x000001afef3d3350 JavaThread "Cache worker for execution history cache (D:\Lock Screen\node_modules\expo-modules-autolinking\android\expo-gradle-plugin\.gradle\8.13\executionHistory)" [_thread_blocked, id=4868, stack(0x000000819c400000,0x000000819c500000)]
  0x000001afe94bcc20 JavaThread "Cache worker for execution history cache (D:\Lock Screen\node_modules\@react-native\gradle-plugin\.gradle\8.13\executionHistory)" [_thread_blocked, id=8200, stack(0x000000819c500000,0x000000819c600000)]
  0x000001afef3d3860 JavaThread "Unconstrained build operations Thread 59" [_thread_blocked, id=26000, stack(0x000000819c600000,0x000000819c700000)]
  0x000001afef3d3d70 JavaThread "Unconstrained build operations Thread 60" [_thread_blocked, id=1720, stack(0x000000819c700000,0x000000819c800000)]
  0x000001afef3d4280 JavaThread "Unconstrained build operations Thread 61" [_thread_blocked, id=14448, stack(0x000000819c800000,0x000000819c900000)]
  0x000001afef3d4790 JavaThread "Unconstrained build operations Thread 62" [_thread_blocked, id=3884, stack(0x000000819c900000,0x000000819ca00000)]
  0x000001afe94bdb50 JavaThread "Unconstrained build operations Thread 63" [_thread_blocked, id=21484, stack(0x000000819ca00000,0x000000819cb00000)]
  0x000001afe94be570 JavaThread "Unconstrained build operations Thread 64" [_thread_blocked, id=14460, stack(0x000000819cb00000,0x000000819cc00000)]
  0x000001afe94be060 JavaThread "Unconstrained build operations Thread 65" [_thread_blocked, id=3696, stack(0x000000819cc00000,0x000000819cd00000)]
  0x000001afe94bd130 JavaThread "Unconstrained build operations Thread 66" [_thread_blocked, id=29248, stack(0x000000819cd00000,0x000000819ce00000)]
  0x000001afe94bd640 JavaThread "Unconstrained build operations Thread 67" [_thread_blocked, id=13256, stack(0x000000819ce00000,0x000000819cf00000)]
  0x000001aff03e9af0 JavaThread "Unconstrained build operations Thread 68" [_thread_blocked, id=33012, stack(0x000000819cf00000,0x000000819d000000)]
  0x000001aff03eaf30 JavaThread "Unconstrained build operations Thread 69" [_thread_blocked, id=25620, stack(0x000000819d000000,0x000000819d100000)]
  0x000001aff03e8bc0 JavaThread "Unconstrained build operations Thread 70" [_thread_blocked, id=16072, stack(0x000000819d100000,0x000000819d200000)]
  0x000001aff08bb250 JavaThread "Unconstrained build operations Thread 71" [_thread_blocked, id=3232, stack(0x000000819d200000,0x000000819d300000)]
  0x000001aff08bc180 JavaThread "Unconstrained build operations Thread 72" [_thread_blocked, id=2272, stack(0x000000819d300000,0x000000819d400000)]
  0x000001aff08ba830 JavaThread "Unconstrained build operations Thread 73" [_thread_blocked, id=32500, stack(0x000000819d900000,0x000000819da00000)]
  0x000001aff03e90d0 JavaThread "Unconstrained build operations Thread 74" [_thread_blocked, id=14820, stack(0x000000819de00000,0x000000819df00000)]
  0x000001aff03e86b0 JavaThread "Unconstrained build operations Thread 75" [_thread_blocked, id=33692, stack(0x000000819e000000,0x000000819e100000)]
  0x000001aff03ea000 JavaThread "Unconstrained build operations Thread 76" [_thread_blocked, id=15592, stack(0x000000819e100000,0x000000819e200000)]
  0x000001aff03ea510 JavaThread "Unconstrained build operations Thread 77" [_thread_blocked, id=19624, stack(0x000000819e200000,0x000000819e300000)]
  0x000001aff03eb440 JavaThread "Unconstrained build operations Thread 78" [_thread_blocked, id=832, stack(0x000000819e300000,0x000000819e400000)]
  0x000001aff03eaa20 JavaThread "Unconstrained build operations Thread 79" [_thread_blocked, id=23184, stack(0x000000819e400000,0x000000819e500000)]
  0x000001aff03e95e0 JavaThread "Unconstrained build operations Thread 80" [_thread_blocked, id=19652, stack(0x000000819e500000,0x000000819e600000)]
  0x000001aff03eb950 JavaThread "Unconstrained build operations Thread 81" [_thread_blocked, id=5180, stack(0x000000819e600000,0x000000819e700000)]
  0x000001afe8542a20 JavaThread "Unconstrained build operations Thread 82" [_thread_blocked, id=20076, stack(0x000000819e700000,0x000000819e800000)]
  0x000001afe8543950 JavaThread "Unconstrained build operations Thread 83" [_thread_blocked, id=26476, stack(0x000000819e800000,0x000000819e900000)]
  0x000001afe8544370 JavaThread "Unconstrained build operations Thread 84" [_thread_blocked, id=31008, stack(0x000000819e900000,0x000000819ea00000)]
  0x000001afe8543e60 JavaThread "Unconstrained build operations Thread 85" [_thread_blocked, id=28968, stack(0x000000819ea00000,0x000000819eb00000)]
  0x000001afe8544880 JavaThread "Unconstrained build operations Thread 86" [_thread_blocked, id=14664, stack(0x000000819eb00000,0x000000819ec00000)]
  0x000001afe85452a0 JavaThread "Unconstrained build operations Thread 87" [_thread_blocked, id=31772, stack(0x000000819ec00000,0x000000819ed00000)]
  0x000001afe8544d90 JavaThread "Unconstrained build operations Thread 88" [_thread_blocked, id=21604, stack(0x000000819ed00000,0x000000819ee00000)]
  0x000001afe85457b0 JavaThread "Unconstrained build operations Thread 89" [_thread_blocked, id=26892, stack(0x000000819ee00000,0x000000819ef00000)]
  0x000001afe8545cc0 JavaThread "Unconstrained build operations Thread 90" [_thread_blocked, id=26176, stack(0x000000819ef00000,0x000000819f000000)]
  0x000001afe9bcef60 JavaThread "Unconstrained build operations Thread 91" [_thread_blocked, id=24692, stack(0x000000819f000000,0x000000819f100000)]
  0x000001afef3d4ca0 JavaThread "Unconstrained build operations Thread 92" [_thread_blocked, id=32268, stack(0x000000819f100000,0x000000819f200000)]
  0x000001afea7f83a0 JavaThread "Unconstrained build operations Thread 93" [_thread_blocked, id=24612, stack(0x000000819f200000,0x000000819f300000)]
  0x000001afea7f6f60 JavaThread "Unconstrained build operations Thread 94" [_thread_blocked, id=4400, stack(0x000000819f300000,0x000000819f400000)]
  0x000001afea7f88b0 JavaThread "Unconstrained build operations Thread 95" [_thread_blocked, id=22296, stack(0x000000819f400000,0x000000819f500000)]
  0x000001afea7f7470 JavaThread "Unconstrained build operations Thread 96" [_thread_blocked, id=25816, stack(0x000000819f500000,0x000000819f600000)]
  0x000001afea7f7980 JavaThread "Unconstrained build operations Thread 97" [_thread_blocked, id=12076, stack(0x000000819f600000,0x000000819f700000)]
  0x000001afea7f7e90 JavaThread "Unconstrained build operations Thread 98" [_thread_blocked, id=12892, stack(0x000000819f700000,0x000000819f800000)]
  0x000001afe307aaf0 JavaThread "Unconstrained build operations Thread 99" [_thread_blocked, id=31976, stack(0x000000819f800000,0x000000819f900000)]
  0x000001afe307a5e0 JavaThread "Unconstrained build operations Thread 100" [_thread_blocked, id=14544, stack(0x000000819f900000,0x000000819fa00000)]
  0x000001afe307b000 JavaThread "Unconstrained build operations Thread 101" [_thread_blocked, id=14812, stack(0x000000819fa00000,0x000000819fb00000)]
  0x000001afe307c950 JavaThread "Unconstrained build operations Thread 102" [_thread_blocked, id=10760, stack(0x000000819fb00000,0x000000819fc00000)]
  0x000001afe307b510 JavaThread "Unconstrained build operations Thread 103" [_thread_blocked, id=29220, stack(0x000000819fc00000,0x000000819fd00000)]
  0x000001afe307ba20 JavaThread "Unconstrained build operations Thread 104" [_thread_blocked, id=14816, stack(0x000000819fd00000,0x000000819fe00000)]
  0x000001afe307bf30 JavaThread "Unconstrained build operations Thread 105" [_thread_blocked, id=24780, stack(0x000000819fe00000,0x000000819ff00000)]
  0x000001afe307c440 JavaThread "Unconstrained build operations Thread 106" [_thread_blocked, id=1480, stack(0x000000819ff00000,0x00000081a0000000)]
  0x000001afe307ce60 JavaThread "Unconstrained build operations Thread 107" [_thread_blocked, id=20620, stack(0x00000081a0000000,0x00000081a0100000)]
  0x000001afe307d370 JavaThread "Unconstrained build operations Thread 108" [_thread_blocked, id=27268, stack(0x00000081a0100000,0x00000081a0200000)]
  0x000001afe307d880 JavaThread "Unconstrained build operations Thread 109" [_thread_blocked, id=7796, stack(0x00000081a0200000,0x00000081a0300000)]
  0x000001afe307a0d0 JavaThread "Unconstrained build operations Thread 110" [_thread_blocked, id=32944, stack(0x00000081a0300000,0x00000081a0400000)]
  0x000001aff0b07aa0 JavaThread "Unconstrained build operations Thread 111" [_thread_blocked, id=32632, stack(0x00000081a0400000,0x00000081a0500000)]
  0x000001aff0b08ee0 JavaThread "Unconstrained build operations Thread 112" [_thread_blocked, id=33528, stack(0x00000081a0500000,0x00000081a0600000)]
  0x000001aff0b084c0 JavaThread "Unconstrained build operations Thread 113" [_thread_blocked, id=23028, stack(0x00000081a0600000,0x00000081a0700000)]
  0x000001afc3a4bca0 JavaThread "Cache worker for Build Output Cleanup Cache (D:\Lock Screen\node_modules\expo-modules-core\expo-module-gradle-plugin\.gradle\buildOutputCleanup)" [_thread_blocked, id=1128, stack(0x0000008197c00000,0x0000008197d00000)]
  0x000001afc3a4c1b0 JavaThread "Unconstrained build operations Thread 114" [_thread_blocked, id=23060, stack(0x00000081a0800000,0x00000081a0900000)]
  0x000001afc3a4a860 JavaThread "Unconstrained build operations Thread 115" [_thread_blocked, id=29712, stack(0x00000081a0900000,0x00000081a0a00000)]
  0x000001afc3a4b790 JavaThread "Unconstrained build operations Thread 116" [_thread_blocked, id=32792, stack(0x00000081a0a00000,0x00000081a0b00000)]
  0x000001afc3a4ad70 JavaThread "Unconstrained build operations Thread 117" [_thread_blocked, id=25692, stack(0x00000081a0b00000,0x00000081a0c00000)]
  0x000001afc3a48a00 JavaThread "Unconstrained build operations Thread 118" [_thread_blocked, id=27388, stack(0x00000081a0c00000,0x00000081a0d00000)]
  0x000001afe6fa4cb0 JavaThread "Unconstrained build operations Thread 119" [_thread_blocked, id=10648, stack(0x00000081a0d00000,0x00000081a0e00000)]
  0x000001afe6fa2940 JavaThread "Unconstrained build operations Thread 120" [_thread_blocked, id=33372, stack(0x00000081a0e00000,0x00000081a0f00000)]
  0x000001afe6fa3360 JavaThread "included builds Thread 3" [_thread_blocked, id=9408, stack(0x00000081a0f00000,0x00000081a1000000)]
  0x000001afe61fb3e0 JavaThread "Cache worker for execution history cache (D:\Lock Screen\node_modules\expo-modules-core\expo-module-gradle-plugin\.gradle\8.13\executionHistory)" [_thread_blocked, id=29388, stack(0x00000081a1000000,0x00000081a1100000)]
  0x000001afe6fa3870 JavaThread "Problems report writer" [_thread_blocked, id=22936, stack(0x00000081a1100000,0x00000081a1200000)]
  0x000001afef3f4760 JavaThread "build event listener" [_thread_blocked, id=25480, stack(0x00000081a1200000,0x00000081a1300000)]
  0x000001afefc49760 JavaThread "ForkJoinPool.commonPool-worker-12" daemon [_thread_blocked, id=14580, stack(0x00000081a1300000,0x00000081a1400000)]
  0x000001afe9bcea50 JavaThread "Cache worker for execution history cache (D:\Lock Screen\android\.gradle\8.13\executionHistory)" [_thread_blocked, id=31264, stack(0x00000081a1400000,0x00000081a1500000)]

Other Threads:
  0x000001afc0cb07f0 VMThread "VM Thread" [stack: 0x0000008194600000,0x0000008194700000] [id=7528]
  0x000001afc3a046a0 WatcherThread [stack: 0x0000008195200000,0x0000008195300000] [id=16180]
  0x000001afa30c1350 GCTaskThread "GC Thread#0" [stack: 0x0000008194100000,0x0000008194200000] [id=16812]
  0x000001afe33b1ce0 GCTaskThread "GC Thread#1" [stack: 0x0000008195500000,0x0000008195600000] [id=27696]
  0x000001afe343f7c0 GCTaskThread "GC Thread#2" [stack: 0x0000008195600000,0x0000008195700000] [id=10376]
  0x000001afc3bb6140 GCTaskThread "GC Thread#3" [stack: 0x0000008195700000,0x0000008195800000] [id=10168]
  0x000001afc3bb69b0 GCTaskThread "GC Thread#4" [stack: 0x0000008195800000,0x0000008195900000] [id=5420]
  0x000001afc3bb6410 GCTaskThread "GC Thread#5" [stack: 0x0000008195900000,0x0000008195a00000] [id=16288]
  0x000001afe70d8c30 GCTaskThread "GC Thread#6" [stack: 0x0000008196900000,0x0000008196a00000] [id=11476]
  0x000001afe70d9a40 GCTaskThread "GC Thread#7" [stack: 0x0000008196a00000,0x0000008196b00000] [id=21324]
  0x000001afe70dbc00 GCTaskThread "GC Thread#8" [stack: 0x0000008196b00000,0x0000008196c00000] [id=22852]
  0x000001afe70db0c0 GCTaskThread "GC Thread#9" [stack: 0x0000008196c00000,0x0000008196d00000] [id=29556]
  0x000001afa30cee80 ConcurrentGCThread "G1 Main Marker" [stack: 0x0000008194200000,0x0000008194300000] [id=11852]
  0x000001afc0b62010 ConcurrentGCThread "G1 Conc#0" [stack: 0x0000008194300000,0x0000008194400000] [id=21420]
  0x000001afe70db390 ConcurrentGCThread "G1 Conc#1" [stack: 0x0000008196d00000,0x0000008196e00000] [id=29956]
  0x000001afe70d8f00 ConcurrentGCThread "G1 Conc#2" [stack: 0x0000008196e00000,0x0000008196f00000] [id=26820]
  0x000001afc0bee460 ConcurrentGCThread "G1 Refine#0" [stack: 0x0000008194400000,0x0000008194500000] [id=12620]
  0x000001afe52e1c20 ConcurrentGCThread "G1 Refine#1" [stack: 0x0000008197100000,0x0000008197200000] [id=22656]
  0x000001afe52e2220 ConcurrentGCThread "G1 Refine#2" [stack: 0x0000008197200000,0x0000008197300000] [id=4900]
  0x000001afc0beecb0 ConcurrentGCThread "G1 Service" [stack: 0x0000008194500000,0x0000008194600000] [id=22688]

Threads with active compile tasks:
C2 CompilerThread0  176579 22793       4       org.gradle.internal.operations.CurrentBuildOperationRef::set (20 bytes)

VM state: not at safepoint (normal execution)

VM Mutex/Monitor currently owned by a thread: None

Heap address: 0x0000000080000000, size: 2048 MB, Compressed Oops mode: 32-bit

CDS archive(s) mapped at: [0x000001afc4000000-0x000001afc4bb0000-0x000001afc4bb0000), size 12255232, SharedBaseAddress: 0x000001afc4000000, ArchiveRelocationMode: 1.
Compressed class space mapped at: 0x000001afc5000000-0x000001afdf000000, reserved size: 436207616
Narrow klass base: 0x000001afc4000000, Narrow klass shift: 0, Narrow klass range: 0x100000000

GC Precious Log:
 CPUs: 12 total, 12 available
 Memory: 16130M
 Large Page Support: Disabled
 NUMA Support: Disabled
 Compressed Oops: Enabled (32-bit)
 Heap Region Size: 1M
 Heap Min Capacity: 8M
 Heap Initial Capacity: 254M
 Heap Max Capacity: 2G
 Pre-touch: Disabled
 Parallel Workers: 10
 Concurrent Workers: 3
 Concurrent Refinement Workers: 10
 Periodic GC: Disabled

Heap:
 garbage-first heap   total 393216K, used 278468K [0x0000000080000000, 0x0000000100000000)
  region size 1024K, 24 young (24576K), 9 survivors (9216K)
 Metaspace       used 132294K, committed 134144K, reserved 557056K
  class space    used 18073K, committed 18944K, reserved 425984K

Heap Regions: E=young(eden), S=young(survivor), O=old, HS=humongous(starts), HC=humongous(continues), CS=collection set, F=free, OA=open archive, CA=closed archive, TAMS=top-at-mark-start (previous, next)
|   0|0x0000000080000000, 0x0000000080100000, 0x0000000080100000|100%|HS|  |TAMS 0x0000000080100000, 0x0000000080000000| Complete 
|   1|0x0000000080100000, 0x0000000080200000, 0x0000000080200000|100%|HC|  |TAMS 0x0000000080200000, 0x0000000080100000| Complete 
|   2|0x0000000080200000, 0x0000000080300000, 0x0000000080300000|100%|HC|  |TAMS 0x0000000080300000, 0x0000000080200000| Complete 
|   3|0x0000000080300000, 0x0000000080400000, 0x0000000080400000|100%| O|  |TAMS 0x0000000080400000, 0x0000000080300000| Untracked 
|   4|0x0000000080400000, 0x0000000080500000, 0x0000000080500000|100%| O|  |TAMS 0x0000000080500000, 0x0000000080400000| Untracked 
|   5|0x0000000080500000, 0x0000000080600000, 0x0000000080600000|100%| O|  |TAMS 0x0000000080600000, 0x0000000080500000| Untracked 
|   6|0x0000000080600000, 0x0000000080700000, 0x0000000080700000|100%|HS|  |TAMS 0x0000000080700000, 0x0000000080600000| Complete 
|   7|0x0000000080700000, 0x0000000080800000, 0x0000000080800000|100%| O|  |TAMS 0x0000000080800000, 0x0000000080700000| Untracked 
|   8|0x0000000080800000, 0x0000000080900000, 0x0000000080900000|100%| O|  |TAMS 0x0000000080900000, 0x0000000080800000| Untracked 
|   9|0x0000000080900000, 0x0000000080a00000, 0x0000000080a00000|100%| O|  |TAMS 0x0000000080a00000, 0x0000000080900000| Untracked 
|  10|0x0000000080a00000, 0x0000000080b00000, 0x0000000080b00000|100%| O|  |TAMS 0x0000000080b00000, 0x0000000080a00000| Untracked 
|  11|0x0000000080b00000, 0x0000000080c00000, 0x0000000080c00000|100%| O|  |TAMS 0x0000000080c00000, 0x0000000080b00000| Untracked 
|  12|0x0000000080c00000, 0x0000000080d00000, 0x0000000080d00000|100%| O|  |TAMS 0x0000000080d00000, 0x0000000080c00000| Untracked 
|  13|0x0000000080d00000, 0x0000000080e00000, 0x0000000080e00000|100%| O|  |TAMS 0x0000000080e00000, 0x0000000080d00000| Untracked 
|  14|0x0000000080e00000, 0x0000000080f00000, 0x0000000080f00000|100%| O|  |TAMS 0x0000000080f00000, 0x0000000080e00000| Untracked 
|  15|0x0000000080f00000, 0x0000000081000000, 0x0000000081000000|100%| O|  |TAMS 0x0000000081000000, 0x0000000080f00000| Untracked 
|  16|0x0000000081000000, 0x0000000081100000, 0x0000000081100000|100%| O|  |TAMS 0x0000000081100000, 0x0000000081000000| Untracked 
|  17|0x0000000081100000, 0x0000000081200000, 0x0000000081200000|100%| O|  |TAMS 0x0000000081200000, 0x0000000081100000| Untracked 
|  18|0x0000000081200000, 0x0000000081300000, 0x0000000081300000|100%| O|  |TAMS 0x0000000081300000, 0x0000000081200000| Untracked 
|  19|0x0000000081300000, 0x0000000081400000, 0x0000000081400000|100%| O|  |TAMS 0x0000000081400000, 0x0000000081300000| Untracked 
|  20|0x0000000081400000, 0x0000000081500000, 0x0000000081500000|100%| O|  |TAMS 0x0000000081500000, 0x0000000081400000| Untracked 
|  21|0x0000000081500000, 0x0000000081600000, 0x0000000081600000|100%| O|  |TAMS 0x0000000081600000, 0x0000000081500000| Untracked 
|  22|0x0000000081600000, 0x0000000081700000, 0x0000000081700000|100%| O|  |TAMS 0x0000000081700000, 0x0000000081600000| Untracked 
|  23|0x0000000081700000, 0x0000000081800000, 0x0000000081800000|100%| O|  |TAMS 0x0000000081800000, 0x0000000081700000| Untracked 
|  24|0x0000000081800000, 0x0000000081900000, 0x0000000081900000|100%| O|  |TAMS 0x0000000081900000, 0x0000000081800000| Untracked 
|  25|0x0000000081900000, 0x0000000081a00000, 0x0000000081a00000|100%| O|  |TAMS 0x0000000081a00000, 0x0000000081900000| Untracked 
|  26|0x0000000081a00000, 0x0000000081b00000, 0x0000000081b00000|100%| O|  |TAMS 0x0000000081b00000, 0x0000000081a00000| Untracked 
|  27|0x0000000081b00000, 0x0000000081c00000, 0x0000000081c00000|100%| O|  |TAMS 0x0000000081c00000, 0x0000000081b00000| Untracked 
|  28|0x0000000081c00000, 0x0000000081d00000, 0x0000000081d00000|100%| O|  |TAMS 0x0000000081d00000, 0x0000000081c00000| Untracked 
|  29|0x0000000081d00000, 0x0000000081e00000, 0x0000000081e00000|100%| O|  |TAMS 0x0000000081e00000, 0x0000000081d00000| Untracked 
|  30|0x0000000081e00000, 0x0000000081f00000, 0x0000000081f00000|100%| O|  |TAMS 0x0000000081f00000, 0x0000000081e00000| Untracked 
|  31|0x0000000081f00000, 0x0000000082000000, 0x0000000082000000|100%| O|  |TAMS 0x0000000082000000, 0x0000000081f00000| Untracked 
|  32|0x0000000082000000, 0x0000000082100000, 0x0000000082100000|100%| O|  |TAMS 0x0000000082100000, 0x0000000082000000| Untracked 
|  33|0x0000000082100000, 0x0000000082200000, 0x0000000082200000|100%| O|  |TAMS 0x0000000082200000, 0x0000000082100000| Untracked 
|  34|0x0000000082200000, 0x0000000082300000, 0x0000000082300000|100%|HS|  |TAMS 0x0000000082300000, 0x0000000082200000| Complete 
|  35|0x0000000082300000, 0x0000000082400000, 0x0000000082400000|100%|HC|  |TAMS 0x0000000082400000, 0x0000000082300000| Complete 
|  36|0x0000000082400000, 0x0000000082500000, 0x0000000082500000|100%|HS|  |TAMS 0x0000000082500000, 0x0000000082400000| Complete 
|  37|0x0000000082500000, 0x0000000082600000, 0x0000000082600000|100%|HC|  |TAMS 0x0000000082600000, 0x0000000082500000| Complete 
|  38|0x0000000082600000, 0x0000000082700000, 0x0000000082700000|100%|HC|  |TAMS 0x0000000082700000, 0x0000000082600000| Complete 
|  39|0x0000000082700000, 0x0000000082800000, 0x0000000082800000|100%|HS|  |TAMS 0x0000000082800000, 0x0000000082700000| Complete 
|  40|0x0000000082800000, 0x0000000082900000, 0x0000000082900000|100%|HC|  |TAMS 0x0000000082900000, 0x0000000082800000| Complete 
|  41|0x0000000082900000, 0x0000000082a00000, 0x0000000082a00000|100%| O|  |TAMS 0x0000000082a00000, 0x0000000082900000| Untracked 
|  42|0x0000000082a00000, 0x0000000082b00000, 0x0000000082b00000|100%| O|  |TAMS 0x0000000082b00000, 0x0000000082a00000| Untracked 
|  43|0x0000000082b00000, 0x0000000082c00000, 0x0000000082c00000|100%| O|  |TAMS 0x0000000082c00000, 0x0000000082b00000| Untracked 
|  44|0x0000000082c00000, 0x0000000082d00000, 0x0000000082d00000|100%| O|  |TAMS 0x0000000082d00000, 0x0000000082c00000| Untracked 
|  45|0x0000000082d00000, 0x0000000082e00000, 0x0000000082e00000|100%| O|  |TAMS 0x0000000082e00000, 0x0000000082d00000| Untracked 
|  46|0x0000000082e00000, 0x0000000082f00000, 0x0000000082f00000|100%| O|  |TAMS 0x0000000082f00000, 0x0000000082e00000| Untracked 
|  47|0x0000000082f00000, 0x0000000083000000, 0x0000000083000000|100%| O|  |TAMS 0x0000000083000000, 0x0000000082f00000| Untracked 
|  48|0x0000000083000000, 0x0000000083100000, 0x0000000083100000|100%| O|  |TAMS 0x0000000083100000, 0x0000000083000000| Untracked 
|  49|0x0000000083100000, 0x0000000083200000, 0x0000000083200000|100%| O|  |TAMS 0x0000000083200000, 0x0000000083100000| Untracked 
|  50|0x0000000083200000, 0x0000000083300000, 0x0000000083300000|100%| O|  |TAMS 0x0000000083200000, 0x0000000083200000| Untracked 
|  51|0x0000000083300000, 0x0000000083400000, 0x0000000083400000|100%| O|  |TAMS 0x0000000083400000, 0x0000000083300000| Untracked 
|  52|0x0000000083400000, 0x0000000083500000, 0x0000000083500000|100%|HS|  |TAMS 0x0000000083500000, 0x0000000083400000| Complete 
|  53|0x0000000083500000, 0x0000000083600000, 0x0000000083600000|100%|HC|  |TAMS 0x0000000083600000, 0x0000000083500000| Complete 
|  54|0x0000000083600000, 0x0000000083700000, 0x0000000083700000|100%|HC|  |TAMS 0x0000000083700000, 0x0000000083600000| Complete 
|  55|0x0000000083700000, 0x0000000083800000, 0x0000000083800000|100%|HS|  |TAMS 0x0000000083800000, 0x0000000083700000| Complete 
|  56|0x0000000083800000, 0x0000000083900000, 0x0000000083900000|100%|HC|  |TAMS 0x0000000083900000, 0x0000000083800000| Complete 
|  57|0x0000000083900000, 0x0000000083a00000, 0x0000000083a00000|100%|HS|  |TAMS 0x0000000083a00000, 0x0000000083900000| Complete 
|  58|0x0000000083a00000, 0x0000000083b00000, 0x0000000083b00000|100%|HC|  |TAMS 0x0000000083b00000, 0x0000000083a00000| Complete 
|  59|0x0000000083b00000, 0x0000000083c00000, 0x0000000083c00000|100%|HS|  |TAMS 0x0000000083c00000, 0x0000000083b00000| Complete 
|  60|0x0000000083c00000, 0x0000000083d00000, 0x0000000083d00000|100%|HC|  |TAMS 0x0000000083d00000, 0x0000000083c00000| Complete 
|  61|0x0000000083d00000, 0x0000000083e00000, 0x0000000083e00000|100%|HC|  |TAMS 0x0000000083e00000, 0x0000000083d00000| Complete 
|  62|0x0000000083e00000, 0x0000000083f00000, 0x0000000083f00000|100%|HC|  |TAMS 0x0000000083f00000, 0x0000000083e00000| Complete 
|  63|0x0000000083f00000, 0x0000000084000000, 0x0000000084000000|100%|HS|  |TAMS 0x0000000084000000, 0x0000000083f00000| Complete 
|  64|0x0000000084000000, 0x0000000084100000, 0x0000000084100000|100%|HC|  |TAMS 0x0000000084100000, 0x0000000084000000| Complete 
|  65|0x0000000084100000, 0x0000000084200000, 0x0000000084200000|100%|HC|  |TAMS 0x0000000084200000, 0x0000000084100000| Complete 
|  66|0x0000000084200000, 0x0000000084300000, 0x0000000084300000|100%|HC|  |TAMS 0x0000000084300000, 0x0000000084200000| Complete 
|  67|0x0000000084300000, 0x0000000084400000, 0x0000000084400000|100%| O|  |TAMS 0x0000000084400000, 0x0000000084300000| Untracked 
|  68|0x0000000084400000, 0x0000000084500000, 0x0000000084500000|100%| O|  |TAMS 0x0000000084500000, 0x0000000084400000| Untracked 
|  69|0x0000000084500000, 0x0000000084600000, 0x0000000084600000|100%| O|  |TAMS 0x0000000084600000, 0x0000000084500000| Untracked 
|  70|0x0000000084600000, 0x0000000084700000, 0x0000000084700000|100%| O|  |TAMS 0x0000000084700000, 0x0000000084600000| Untracked 
|  71|0x0000000084700000, 0x0000000084800000, 0x0000000084800000|100%| O|  |TAMS 0x0000000084800000, 0x0000000084700000| Untracked 
|  72|0x0000000084800000, 0x0000000084900000, 0x0000000084900000|100%| O|  |TAMS 0x0000000084900000, 0x0000000084800000| Untracked 
|  73|0x0000000084900000, 0x0000000084a00000, 0x0000000084a00000|100%| O|  |TAMS 0x0000000084a00000, 0x0000000084900000| Untracked 
|  74|0x0000000084a00000, 0x0000000084b00000, 0x0000000084b00000|100%| O|  |TAMS 0x0000000084b00000, 0x0000000084a00000| Untracked 
|  75|0x0000000084b00000, 0x0000000084c00000, 0x0000000084c00000|100%| O|  |TAMS 0x0000000084c00000, 0x0000000084b00000| Untracked 
|  76|0x0000000084c00000, 0x0000000084d00000, 0x0000000084d00000|100%| O|  |TAMS 0x0000000084d00000, 0x0000000084c00000| Untracked 
|  77|0x0000000084d00000, 0x0000000084e00000, 0x0000000084e00000|100%| O|  |TAMS 0x0000000084e00000, 0x0000000084d00000| Untracked 
|  78|0x0000000084e00000, 0x0000000084f00000, 0x0000000084f00000|100%| O|  |TAMS 0x0000000084f00000, 0x0000000084e00000| Untracked 
|  79|0x0000000084f00000, 0x0000000085000000, 0x0000000085000000|100%| O|  |TAMS 0x0000000085000000, 0x0000000084f00000| Untracked 
|  80|0x0000000085000000, 0x0000000085100000, 0x0000000085100000|100%| O|  |TAMS 0x0000000085100000, 0x0000000085000000| Untracked 
|  81|0x0000000085100000, 0x0000000085200000, 0x0000000085200000|100%| O|  |TAMS 0x0000000085200000, 0x0000000085100000| Untracked 
|  82|0x0000000085200000, 0x0000000085300000, 0x0000000085300000|100%| O|  |TAMS 0x0000000085300000, 0x0000000085200000| Untracked 
|  83|0x0000000085300000, 0x0000000085400000, 0x0000000085400000|100%| O|  |TAMS 0x0000000085300000, 0x0000000085300000| Untracked 
|  84|0x0000000085400000, 0x0000000085500000, 0x0000000085500000|100%| O|  |TAMS 0x0000000085400000, 0x0000000085400000| Untracked 
|  85|0x0000000085500000, 0x0000000085600000, 0x0000000085600000|100%| O|  |TAMS 0x0000000085600000, 0x0000000085500000| Untracked 
|  86|0x0000000085600000, 0x0000000085700000, 0x0000000085700000|100%| O|  |TAMS 0x0000000085700000, 0x0000000085600000| Untracked 
|  87|0x0000000085700000, 0x0000000085800000, 0x0000000085800000|100%| O|  |TAMS 0x0000000085800000, 0x0000000085700000| Untracked 
|  88|0x0000000085800000, 0x0000000085900000, 0x0000000085900000|100%| O|  |TAMS 0x0000000085900000, 0x0000000085800000| Untracked 
|  89|0x0000000085900000, 0x0000000085a00000, 0x0000000085a00000|100%| O|  |TAMS 0x0000000085a00000, 0x0000000085900000| Untracked 
|  90|0x0000000085a00000, 0x0000000085b00000, 0x0000000085b00000|100%|HS|  |TAMS 0x0000000085a00000, 0x0000000085a00000| Complete 
|  91|0x0000000085b00000, 0x0000000085c00000, 0x0000000085c00000|100%| O|  |TAMS 0x0000000085c00000, 0x0000000085b00000| Untracked 
|  92|0x0000000085c00000, 0x0000000085d00000, 0x0000000085d00000|100%| O|  |TAMS 0x0000000085d00000, 0x0000000085c00000| Untracked 
|  93|0x0000000085d00000, 0x0000000085e00000, 0x0000000085e00000|100%| O|  |TAMS 0x0000000085e00000, 0x0000000085d00000| Untracked 
|  94|0x0000000085e00000, 0x0000000085f00000, 0x0000000085f00000|100%| O|  |TAMS 0x0000000085f00000, 0x0000000085e00000| Untracked 
|  95|0x0000000085f00000, 0x0000000086000000, 0x0000000086000000|100%| O|  |TAMS 0x0000000086000000, 0x0000000085f00000| Untracked 
|  96|0x0000000086000000, 0x0000000086100000, 0x0000000086100000|100%| O|  |TAMS 0x0000000086100000, 0x0000000086000000| Untracked 
|  97|0x0000000086100000, 0x0000000086200000, 0x0000000086200000|100%| O|  |TAMS 0x0000000086200000, 0x0000000086100000| Untracked 
|  98|0x0000000086200000, 0x0000000086300000, 0x0000000086300000|100%| O|  |TAMS 0x0000000086300000, 0x0000000086200000| Untracked 
|  99|0x0000000086300000, 0x0000000086400000, 0x0000000086400000|100%| O|  |TAMS 0x0000000086400000, 0x0000000086300000| Untracked 
| 100|0x0000000086400000, 0x0000000086500000, 0x0000000086500000|100%| O|  |TAMS 0x0000000086460c00, 0x0000000086400000| Untracked 
| 101|0x0000000086500000, 0x0000000086600000, 0x0000000086600000|100%| O|  |TAMS 0x0000000086500000, 0x0000000086500000| Untracked 
| 102|0x0000000086600000, 0x0000000086700000, 0x0000000086700000|100%| O|  |TAMS 0x0000000086600000, 0x0000000086600000| Untracked 
| 103|0x0000000086700000, 0x0000000086800000, 0x0000000086800000|100%| O|  |TAMS 0x0000000086700000, 0x0000000086700000| Untracked 
| 104|0x0000000086800000, 0x0000000086900000, 0x0000000086900000|100%| O|  |TAMS 0x0000000086800000, 0x0000000086800000| Untracked 
| 105|0x0000000086900000, 0x0000000086a00000, 0x0000000086a00000|100%| O|  |TAMS 0x0000000086900000, 0x0000000086900000| Untracked 
| 106|0x0000000086a00000, 0x0000000086b00000, 0x0000000086b00000|100%| O|  |TAMS 0x0000000086a00000, 0x0000000086a00000| Untracked 
| 107|0x0000000086b00000, 0x0000000086c00000, 0x0000000086c00000|100%| O|  |TAMS 0x0000000086b00000, 0x0000000086b00000| Untracked 
| 108|0x0000000086c00000, 0x0000000086d00000, 0x0000000086d00000|100%|HS|  |TAMS 0x0000000086c00000, 0x0000000086c00000| Complete 
| 109|0x0000000086d00000, 0x0000000086e00000, 0x0000000086e00000|100%|HS|  |TAMS 0x0000000086d00000, 0x0000000086d00000| Complete 
| 110|0x0000000086e00000, 0x0000000086f00000, 0x0000000086f00000|100%| O|  |TAMS 0x0000000086e00000, 0x0000000086e00000| Untracked 
| 111|0x0000000086f00000, 0x0000000087000000, 0x0000000087000000|100%|HS|  |TAMS 0x0000000086f00000, 0x0000000086f00000| Complete 
| 112|0x0000000087000000, 0x0000000087100000, 0x0000000087100000|100%| O|  |TAMS 0x0000000087000000, 0x0000000087000000| Untracked 
| 113|0x0000000087100000, 0x0000000087200000, 0x0000000087200000|100%|HS|  |TAMS 0x0000000087100000, 0x0000000087100000| Complete 
| 114|0x0000000087200000, 0x0000000087300000, 0x0000000087300000|100%|HS|  |TAMS 0x0000000087200000, 0x0000000087200000| Complete 
| 115|0x0000000087300000, 0x0000000087400000, 0x0000000087400000|100%| O|  |TAMS 0x0000000087300000, 0x0000000087300000| Untracked 
| 116|0x0000000087400000, 0x0000000087500000, 0x0000000087500000|100%| O|  |TAMS 0x0000000087400000, 0x0000000087400000| Untracked 
| 117|0x0000000087500000, 0x0000000087600000, 0x0000000087600000|100%| O|  |TAMS 0x0000000087500000, 0x0000000087500000| Untracked 
| 118|0x0000000087600000, 0x0000000087700000, 0x0000000087700000|100%| O|  |TAMS 0x0000000087600000, 0x0000000087600000| Untracked 
| 119|0x0000000087700000, 0x0000000087800000, 0x0000000087800000|100%| O|  |TAMS 0x0000000087700000, 0x0000000087700000| Untracked 
| 120|0x0000000087800000, 0x0000000087900000, 0x0000000087900000|100%|HS|  |TAMS 0x0000000087800000, 0x0000000087800000| Complete 
| 121|0x0000000087900000, 0x0000000087a00000, 0x0000000087a00000|100%|HS|  |TAMS 0x0000000087900000, 0x0000000087900000| Complete 
| 122|0x0000000087a00000, 0x0000000087b00000, 0x0000000087b00000|100%|HC|  |TAMS 0x0000000087a00000, 0x0000000087a00000| Complete 
| 123|0x0000000087b00000, 0x0000000087c00000, 0x0000000087c00000|100%| O|  |TAMS 0x0000000087b00000, 0x0000000087b00000| Untracked 
| 124|0x0000000087c00000, 0x0000000087d00000, 0x0000000087d00000|100%| O|  |TAMS 0x0000000087c00000, 0x0000000087c00000| Untracked 
| 125|0x0000000087d00000, 0x0000000087e00000, 0x0000000087e00000|100%| O|  |TAMS 0x0000000087d00000, 0x0000000087d00000| Untracked 
| 126|0x0000000087e00000, 0x0000000087f00000, 0x0000000087f00000|100%| O|  |TAMS 0x0000000087e00000, 0x0000000087e00000| Untracked 
| 127|0x0000000087f00000, 0x0000000088000000, 0x0000000088000000|100%| O|  |TAMS 0x0000000087f00000, 0x0000000087f00000| Untracked 
| 128|0x0000000088000000, 0x0000000088100000, 0x0000000088100000|100%| O|  |TAMS 0x0000000088000000, 0x0000000088000000| Untracked 
| 129|0x0000000088100000, 0x0000000088200000, 0x0000000088200000|100%| O|  |TAMS 0x0000000088100000, 0x0000000088100000| Untracked 
| 130|0x0000000088200000, 0x0000000088300000, 0x0000000088300000|100%| O|  |TAMS 0x0000000088200000, 0x0000000088200000| Untracked 
| 131|0x0000000088300000, 0x0000000088400000, 0x0000000088400000|100%| O|  |TAMS 0x0000000088300000, 0x0000000088300000| Untracked 
| 132|0x0000000088400000, 0x0000000088500000, 0x0000000088500000|100%| O|  |TAMS 0x0000000088400000, 0x0000000088400000| Untracked 
| 133|0x0000000088500000, 0x0000000088600000, 0x0000000088600000|100%| O|  |TAMS 0x0000000088500000, 0x0000000088500000| Untracked 
| 134|0x0000000088600000, 0x0000000088700000, 0x0000000088700000|100%| O|  |TAMS 0x0000000088600000, 0x0000000088600000| Untracked 
| 135|0x0000000088700000, 0x0000000088800000, 0x0000000088800000|100%| O|  |TAMS 0x0000000088700000, 0x0000000088700000| Untracked 
| 136|0x0000000088800000, 0x0000000088900000, 0x0000000088900000|100%| O|  |TAMS 0x0000000088800000, 0x0000000088800000| Untracked 
| 137|0x0000000088900000, 0x0000000088a00000, 0x0000000088a00000|100%| O|  |TAMS 0x0000000088900000, 0x0000000088900000| Untracked 
| 138|0x0000000088a00000, 0x0000000088b00000, 0x0000000088b00000|100%| O|  |TAMS 0x0000000088a00000, 0x0000000088a00000| Untracked 
| 139|0x0000000088b00000, 0x0000000088c00000, 0x0000000088c00000|100%| O|  |TAMS 0x0000000088b00000, 0x0000000088b00000| Untracked 
| 140|0x0000000088c00000, 0x0000000088d00000, 0x0000000088d00000|100%| O|  |TAMS 0x0000000088c00000, 0x0000000088c00000| Untracked 
| 141|0x0000000088d00000, 0x0000000088e00000, 0x0000000088e00000|100%| O|  |TAMS 0x0000000088d00000, 0x0000000088d00000| Untracked 
| 142|0x0000000088e00000, 0x0000000088f00000, 0x0000000088f00000|100%| O|  |TAMS 0x0000000088e00000, 0x0000000088e00000| Untracked 
| 143|0x0000000088f00000, 0x0000000089000000, 0x0000000089000000|100%| O|  |TAMS 0x0000000088f00000, 0x0000000088f00000| Untracked 
| 144|0x0000000089000000, 0x0000000089100000, 0x0000000089100000|100%| O|  |TAMS 0x0000000089000000, 0x0000000089000000| Untracked 
| 145|0x0000000089100000, 0x0000000089200000, 0x0000000089200000|100%| O|  |TAMS 0x0000000089100000, 0x0000000089100000| Untracked 
| 146|0x0000000089200000, 0x0000000089300000, 0x0000000089300000|100%| O|  |TAMS 0x0000000089200000, 0x0000000089200000| Untracked 
| 147|0x0000000089300000, 0x0000000089400000, 0x0000000089400000|100%| O|  |TAMS 0x0000000089300000, 0x0000000089300000| Untracked 
| 148|0x0000000089400000, 0x0000000089500000, 0x0000000089500000|100%| O|  |TAMS 0x0000000089400000, 0x0000000089400000| Untracked 
| 149|0x0000000089500000, 0x0000000089600000, 0x0000000089600000|100%| O|  |TAMS 0x0000000089500000, 0x0000000089500000| Untracked 
| 150|0x0000000089600000, 0x0000000089700000, 0x0000000089700000|100%| O|  |TAMS 0x0000000089600000, 0x0000000089600000| Untracked 
| 151|0x0000000089700000, 0x0000000089800000, 0x0000000089800000|100%| O|  |TAMS 0x0000000089700000, 0x0000000089700000| Untracked 
| 152|0x0000000089800000, 0x0000000089900000, 0x0000000089900000|100%| O|  |TAMS 0x0000000089800000, 0x0000000089800000| Untracked 
| 153|0x0000000089900000, 0x0000000089a00000, 0x0000000089a00000|100%| O|  |TAMS 0x0000000089900000, 0x0000000089900000| Untracked 
| 154|0x0000000089a00000, 0x0000000089b00000, 0x0000000089b00000|100%| O|  |TAMS 0x0000000089a00000, 0x0000000089a00000| Untracked 
| 155|0x0000000089b00000, 0x0000000089c00000, 0x0000000089c00000|100%| O|  |TAMS 0x0000000089b00000, 0x0000000089b00000| Untracked 
| 156|0x0000000089c00000, 0x0000000089d00000, 0x0000000089d00000|100%| O|  |TAMS 0x0000000089c00000, 0x0000000089c00000| Untracked 
| 157|0x0000000089d00000, 0x0000000089e00000, 0x0000000089e00000|100%| O|  |TAMS 0x0000000089d00000, 0x0000000089d00000| Untracked 
| 158|0x0000000089e00000, 0x0000000089f00000, 0x0000000089f00000|100%| O|  |TAMS 0x0000000089e00000, 0x0000000089e00000| Untracked 
| 159|0x0000000089f00000, 0x000000008a000000, 0x000000008a000000|100%| O|  |TAMS 0x0000000089f00000, 0x0000000089f00000| Untracked 
| 160|0x000000008a000000, 0x000000008a100000, 0x000000008a100000|100%| O|  |TAMS 0x000000008a000000, 0x000000008a000000| Untracked 
| 161|0x000000008a100000, 0x000000008a200000, 0x000000008a200000|100%| O|  |TAMS 0x000000008a100000, 0x000000008a100000| Untracked 
| 162|0x000000008a200000, 0x000000008a300000, 0x000000008a300000|100%| O|  |TAMS 0x000000008a200000, 0x000000008a200000| Untracked 
| 163|0x000000008a300000, 0x000000008a400000, 0x000000008a400000|100%| O|  |TAMS 0x000000008a300000, 0x000000008a300000| Untracked 
| 164|0x000000008a400000, 0x000000008a500000, 0x000000008a500000|100%| O|  |TAMS 0x000000008a400000, 0x000000008a400000| Untracked 
| 165|0x000000008a500000, 0x000000008a600000, 0x000000008a600000|100%| O|  |TAMS 0x000000008a500000, 0x000000008a500000| Untracked 
| 166|0x000000008a600000, 0x000000008a700000, 0x000000008a700000|100%| O|  |TAMS 0x000000008a600000, 0x000000008a600000| Untracked 
| 167|0x000000008a700000, 0x000000008a800000, 0x000000008a800000|100%| O|  |TAMS 0x000000008a700000, 0x000000008a700000| Untracked 
| 168|0x000000008a800000, 0x000000008a900000, 0x000000008a900000|100%| O|  |TAMS 0x000000008a800000, 0x000000008a800000| Untracked 
| 169|0x000000008a900000, 0x000000008aa00000, 0x000000008aa00000|100%| O|  |TAMS 0x000000008a900000, 0x000000008a900000| Untracked 
| 170|0x000000008aa00000, 0x000000008ab00000, 0x000000008ab00000|100%| O|  |TAMS 0x000000008aa00000, 0x000000008aa00000| Untracked 
| 171|0x000000008ab00000, 0x000000008ac00000, 0x000000008ac00000|100%| O|  |TAMS 0x000000008ab00000, 0x000000008ab00000| Untracked 
| 172|0x000000008ac00000, 0x000000008ad00000, 0x000000008ad00000|100%| O|  |TAMS 0x000000008ac00000, 0x000000008ac00000| Untracked 
| 173|0x000000008ad00000, 0x000000008ae00000, 0x000000008ae00000|100%| O|  |TAMS 0x000000008ad00000, 0x000000008ad00000| Untracked 
| 174|0x000000008ae00000, 0x000000008af00000, 0x000000008af00000|100%| O|  |TAMS 0x000000008ae00000, 0x000000008ae00000| Untracked 
| 175|0x000000008af00000, 0x000000008b000000, 0x000000008b000000|100%| O|  |TAMS 0x000000008af00000, 0x000000008af00000| Untracked 
| 176|0x000000008b000000, 0x000000008b100000, 0x000000008b100000|100%| O|  |TAMS 0x000000008b000000, 0x000000008b000000| Untracked 
| 177|0x000000008b100000, 0x000000008b200000, 0x000000008b200000|100%| O|  |TAMS 0x000000008b100000, 0x000000008b100000| Untracked 
| 178|0x000000008b200000, 0x000000008b300000, 0x000000008b300000|100%| O|  |TAMS 0x000000008b200000, 0x000000008b200000| Untracked 
| 179|0x000000008b300000, 0x000000008b400000, 0x000000008b400000|100%| O|  |TAMS 0x000000008b300000, 0x000000008b300000| Untracked 
| 180|0x000000008b400000, 0x000000008b500000, 0x000000008b500000|100%| O|  |TAMS 0x000000008b400000, 0x000000008b400000| Untracked 
| 181|0x000000008b500000, 0x000000008b600000, 0x000000008b600000|100%| O|  |TAMS 0x000000008b500000, 0x000000008b500000| Untracked 
| 182|0x000000008b600000, 0x000000008b700000, 0x000000008b700000|100%| O|  |TAMS 0x000000008b600000, 0x000000008b600000| Untracked 
| 183|0x000000008b700000, 0x000000008b800000, 0x000000008b800000|100%| O|  |TAMS 0x000000008b700000, 0x000000008b700000| Untracked 
| 184|0x000000008b800000, 0x000000008b900000, 0x000000008b900000|100%| O|  |TAMS 0x000000008b800000, 0x000000008b800000| Untracked 
| 185|0x000000008b900000, 0x000000008ba00000, 0x000000008ba00000|100%| O|  |TAMS 0x000000008b900000, 0x000000008b900000| Untracked 
| 186|0x000000008ba00000, 0x000000008bb00000, 0x000000008bb00000|100%| O|  |TAMS 0x000000008ba00000, 0x000000008ba00000| Untracked 
| 187|0x000000008bb00000, 0x000000008bc00000, 0x000000008bc00000|100%| O|  |TAMS 0x000000008bb00000, 0x000000008bb00000| Untracked 
| 188|0x000000008bc00000, 0x000000008bd00000, 0x000000008bd00000|100%| O|  |TAMS 0x000000008bc00000, 0x000000008bc00000| Untracked 
| 189|0x000000008bd00000, 0x000000008be00000, 0x000000008be00000|100%| O|  |TAMS 0x000000008bd00000, 0x000000008bd00000| Untracked 
| 190|0x000000008be00000, 0x000000008bf00000, 0x000000008bf00000|100%| O|  |TAMS 0x000000008be00000, 0x000000008be00000| Untracked 
| 191|0x000000008bf00000, 0x000000008c000000, 0x000000008c000000|100%| O|  |TAMS 0x000000008bf00000, 0x000000008bf00000| Untracked 
| 192|0x000000008c000000, 0x000000008c100000, 0x000000008c100000|100%| O|  |TAMS 0x000000008c000000, 0x000000008c000000| Untracked 
| 193|0x000000008c100000, 0x000000008c200000, 0x000000008c200000|100%| O|  |TAMS 0x000000008c100000, 0x000000008c100000| Untracked 
| 194|0x000000008c200000, 0x000000008c300000, 0x000000008c300000|100%| O|  |TAMS 0x000000008c200000, 0x000000008c200000| Untracked 
| 195|0x000000008c300000, 0x000000008c400000, 0x000000008c400000|100%| O|  |TAMS 0x000000008c300000, 0x000000008c300000| Untracked 
| 196|0x000000008c400000, 0x000000008c500000, 0x000000008c500000|100%| O|  |TAMS 0x000000008c400000, 0x000000008c400000| Untracked 
| 197|0x000000008c500000, 0x000000008c600000, 0x000000008c600000|100%| O|  |TAMS 0x000000008c500000, 0x000000008c500000| Untracked 
| 198|0x000000008c600000, 0x000000008c700000, 0x000000008c700000|100%| O|  |TAMS 0x000000008c600000, 0x000000008c600000| Untracked 
| 199|0x000000008c700000, 0x000000008c800000, 0x000000008c800000|100%| O|  |TAMS 0x000000008c700000, 0x000000008c700000| Untracked 
| 200|0x000000008c800000, 0x000000008c900000, 0x000000008c900000|100%| O|  |TAMS 0x000000008c800000, 0x000000008c800000| Untracked 
| 201|0x000000008c900000, 0x000000008ca00000, 0x000000008ca00000|100%| O|  |TAMS 0x000000008c900000, 0x000000008c900000| Untracked 
| 202|0x000000008ca00000, 0x000000008cb00000, 0x000000008cb00000|100%| O|  |TAMS 0x000000008ca00000, 0x000000008ca00000| Untracked 
| 203|0x000000008cb00000, 0x000000008cc00000, 0x000000008cc00000|100%| O|  |TAMS 0x000000008cb00000, 0x000000008cb00000| Untracked 
| 204|0x000000008cc00000, 0x000000008cd00000, 0x000000008cd00000|100%| O|  |TAMS 0x000000008cc00000, 0x000000008cc00000| Untracked 
| 205|0x000000008cd00000, 0x000000008ce00000, 0x000000008ce00000|100%| O|  |TAMS 0x000000008cd00000, 0x000000008cd00000| Untracked 
| 206|0x000000008ce00000, 0x000000008cf00000, 0x000000008cf00000|100%| O|  |TAMS 0x000000008ce00000, 0x000000008ce00000| Untracked 
| 207|0x000000008cf00000, 0x000000008d000000, 0x000000008d000000|100%| O|  |TAMS 0x000000008cf00000, 0x000000008cf00000| Untracked 
| 208|0x000000008d000000, 0x000000008d100000, 0x000000008d100000|100%| O|  |TAMS 0x000000008d000000, 0x000000008d000000| Untracked 
| 209|0x000000008d100000, 0x000000008d200000, 0x000000008d200000|100%| O|  |TAMS 0x000000008d100000, 0x000000008d100000| Untracked 
| 210|0x000000008d200000, 0x000000008d300000, 0x000000008d300000|100%| O|  |TAMS 0x000000008d200000, 0x000000008d200000| Untracked 
| 211|0x000000008d300000, 0x000000008d400000, 0x000000008d400000|100%| O|  |TAMS 0x000000008d300000, 0x000000008d300000| Untracked 
| 212|0x000000008d400000, 0x000000008d500000, 0x000000008d500000|100%| O|  |TAMS 0x000000008d400000, 0x000000008d400000| Untracked 
| 213|0x000000008d500000, 0x000000008d600000, 0x000000008d600000|100%| O|  |TAMS 0x000000008d500000, 0x000000008d500000| Untracked 
| 214|0x000000008d600000, 0x000000008d700000, 0x000000008d700000|100%| O|  |TAMS 0x000000008d600000, 0x000000008d600000| Untracked 
| 215|0x000000008d700000, 0x000000008d800000, 0x000000008d800000|100%| O|  |TAMS 0x000000008d700000, 0x000000008d700000| Untracked 
| 216|0x000000008d800000, 0x000000008d900000, 0x000000008d900000|100%| O|  |TAMS 0x000000008d800000, 0x000000008d800000| Untracked 
| 217|0x000000008d900000, 0x000000008da00000, 0x000000008da00000|100%| O|  |TAMS 0x000000008d900000, 0x000000008d900000| Untracked 
| 218|0x000000008da00000, 0x000000008db00000, 0x000000008db00000|100%| O|  |TAMS 0x000000008da00000, 0x000000008da00000| Untracked 
| 219|0x000000008db00000, 0x000000008dc00000, 0x000000008dc00000|100%| O|  |TAMS 0x000000008db00000, 0x000000008db00000| Untracked 
| 220|0x000000008dc00000, 0x000000008dd00000, 0x000000008dd00000|100%| O|  |TAMS 0x000000008dc00000, 0x000000008dc00000| Untracked 
| 221|0x000000008dd00000, 0x000000008de00000, 0x000000008de00000|100%| O|  |TAMS 0x000000008dd00000, 0x000000008dd00000| Untracked 
| 222|0x000000008de00000, 0x000000008df00000, 0x000000008df00000|100%| O|  |TAMS 0x000000008de00000, 0x000000008de00000| Untracked 
| 223|0x000000008df00000, 0x000000008e000000, 0x000000008e000000|100%| O|  |TAMS 0x000000008df00000, 0x000000008df00000| Untracked 
| 224|0x000000008e000000, 0x000000008e100000, 0x000000008e100000|100%| O|  |TAMS 0x000000008e000000, 0x000000008e000000| Untracked 
| 225|0x000000008e100000, 0x000000008e200000, 0x000000008e200000|100%| O|  |TAMS 0x000000008e100000, 0x000000008e100000| Untracked 
| 226|0x000000008e200000, 0x000000008e300000, 0x000000008e300000|100%| O|  |TAMS 0x000000008e200000, 0x000000008e200000| Untracked 
| 227|0x000000008e300000, 0x000000008e400000, 0x000000008e400000|100%| O|  |TAMS 0x000000008e300000, 0x000000008e300000| Untracked 
| 228|0x000000008e400000, 0x000000008e500000, 0x000000008e500000|100%| O|  |TAMS 0x000000008e400000, 0x000000008e400000| Untracked 
| 229|0x000000008e500000, 0x000000008e600000, 0x000000008e600000|100%| O|  |TAMS 0x000000008e500000, 0x000000008e500000| Untracked 
| 230|0x000000008e600000, 0x000000008e700000, 0x000000008e700000|100%| O|  |TAMS 0x000000008e600000, 0x000000008e600000| Untracked 
| 231|0x000000008e700000, 0x000000008e800000, 0x000000008e800000|100%| O|  |TAMS 0x000000008e700000, 0x000000008e700000| Untracked 
| 232|0x000000008e800000, 0x000000008e900000, 0x000000008e900000|100%| O|  |TAMS 0x000000008e800000, 0x000000008e800000| Untracked 
| 233|0x000000008e900000, 0x000000008ea00000, 0x000000008ea00000|100%| O|  |TAMS 0x000000008e900000, 0x000000008e900000| Untracked 
| 234|0x000000008ea00000, 0x000000008eb00000, 0x000000008eb00000|100%| O|  |TAMS 0x000000008ea00000, 0x000000008ea00000| Untracked 
| 235|0x000000008eb00000, 0x000000008ec00000, 0x000000008ec00000|100%| O|  |TAMS 0x000000008eb00000, 0x000000008eb00000| Untracked 
| 236|0x000000008ec00000, 0x000000008ed00000, 0x000000008ed00000|100%| O|  |TAMS 0x000000008ec00000, 0x000000008ec00000| Untracked 
| 237|0x000000008ed00000, 0x000000008ee00000, 0x000000008ee00000|100%| O|  |TAMS 0x000000008ed00000, 0x000000008ed00000| Untracked 
| 238|0x000000008ee00000, 0x000000008ef00000, 0x000000008ef00000|100%| O|  |TAMS 0x000000008ee00000, 0x000000008ee00000| Untracked 
| 239|0x000000008ef00000, 0x000000008f000000, 0x000000008f000000|100%| O|  |TAMS 0x000000008ef00000, 0x000000008ef00000| Untracked 
| 240|0x000000008f000000, 0x000000008f100000, 0x000000008f100000|100%| O|  |TAMS 0x000000008f000000, 0x000000008f000000| Untracked 
| 241|0x000000008f100000, 0x000000008f200000, 0x000000008f200000|100%| O|  |TAMS 0x000000008f100000, 0x000000008f100000| Untracked 
| 242|0x000000008f200000, 0x000000008f300000, 0x000000008f300000|100%| O|  |TAMS 0x000000008f200000, 0x000000008f200000| Untracked 
| 243|0x000000008f300000, 0x000000008f400000, 0x000000008f400000|100%| O|  |TAMS 0x000000008f300000, 0x000000008f300000| Untracked 
| 244|0x000000008f400000, 0x000000008f500000, 0x000000008f500000|100%| O|  |TAMS 0x000000008f400000, 0x000000008f400000| Untracked 
| 245|0x000000008f500000, 0x000000008f600000, 0x000000008f600000|100%| O|  |TAMS 0x000000008f500000, 0x000000008f500000| Untracked 
| 246|0x000000008f600000, 0x000000008f700000, 0x000000008f700000|100%| O|  |TAMS 0x000000008f600000, 0x000000008f600000| Untracked 
| 247|0x000000008f700000, 0x000000008f800000, 0x000000008f800000|100%| O|  |TAMS 0x000000008f700000, 0x000000008f700000| Untracked 
| 248|0x000000008f800000, 0x000000008f900000, 0x000000008f900000|100%| O|  |TAMS 0x000000008f800000, 0x000000008f800000| Untracked 
| 249|0x000000008f900000, 0x000000008f993200, 0x000000008fa00000| 57%| O|  |TAMS 0x000000008f900000, 0x000000008f900000| Untracked 
| 250|0x000000008fa00000, 0x000000008fa00000, 0x000000008fb00000|  0%| F|  |TAMS 0x000000008fa00000, 0x000000008fa00000| Untracked 
| 251|0x000000008fb00000, 0x000000008fb00000, 0x000000008fc00000|  0%| F|  |TAMS 0x000000008fb00000, 0x000000008fb00000| Untracked 
| 252|0x000000008fc00000, 0x000000008fc00000, 0x000000008fd00000|  0%| F|  |TAMS 0x000000008fc00000, 0x000000008fc00000| Untracked 
| 253|0x000000008fd00000, 0x000000008fd00000, 0x000000008fe00000|  0%| F|  |TAMS 0x000000008fd00000, 0x000000008fd00000| Untracked 
| 254|0x000000008fe00000, 0x000000008fe00000, 0x000000008ff00000|  0%| F|  |TAMS 0x000000008fe00000, 0x000000008fe00000| Untracked 
| 255|0x000000008ff00000, 0x000000008ff00000, 0x0000000090000000|  0%| F|  |TAMS 0x000000008ff00000, 0x000000008ff00000| Untracked 
| 256|0x0000000090000000, 0x0000000090000000, 0x0000000090100000|  0%| F|  |TAMS 0x0000000090000000, 0x0000000090000000| Untracked 
| 257|0x0000000090100000, 0x0000000090100000, 0x0000000090200000|  0%| F|  |TAMS 0x0000000090100000, 0x0000000090100000| Untracked 
| 258|0x0000000090200000, 0x0000000090200000, 0x0000000090300000|  0%| F|  |TAMS 0x0000000090200000, 0x0000000090200000| Untracked 
| 259|0x0000000090300000, 0x0000000090300000, 0x0000000090400000|  0%| F|  |TAMS 0x0000000090300000, 0x0000000090300000| Untracked 
| 260|0x0000000090400000, 0x0000000090400000, 0x0000000090500000|  0%| F|  |TAMS 0x0000000090400000, 0x0000000090400000| Untracked 
| 261|0x0000000090500000, 0x0000000090500000, 0x0000000090600000|  0%| F|  |TAMS 0x0000000090500000, 0x0000000090500000| Untracked 
| 262|0x0000000090600000, 0x0000000090600000, 0x0000000090700000|  0%| F|  |TAMS 0x0000000090600000, 0x0000000090600000| Untracked 
| 263|0x0000000090700000, 0x0000000090700000, 0x0000000090800000|  0%| F|  |TAMS 0x0000000090700000, 0x0000000090700000| Untracked 
| 264|0x0000000090800000, 0x0000000090800000, 0x0000000090900000|  0%| F|  |TAMS 0x0000000090800000, 0x0000000090800000| Untracked 
| 265|0x0000000090900000, 0x0000000090900000, 0x0000000090a00000|  0%| F|  |TAMS 0x0000000090900000, 0x0000000090900000| Untracked 
| 266|0x0000000090a00000, 0x0000000090a00000, 0x0000000090b00000|  0%| F|  |TAMS 0x0000000090a00000, 0x0000000090a00000| Untracked 
| 267|0x0000000090b00000, 0x0000000090b00000, 0x0000000090c00000|  0%| F|  |TAMS 0x0000000090b00000, 0x0000000090b00000| Untracked 
| 268|0x0000000090c00000, 0x0000000090c00000, 0x0000000090d00000|  0%| F|  |TAMS 0x0000000090c00000, 0x0000000090c00000| Untracked 
| 269|0x0000000090d00000, 0x0000000090d00000, 0x0000000090e00000|  0%| F|  |TAMS 0x0000000090d00000, 0x0000000090d00000| Untracked 
| 270|0x0000000090e00000, 0x0000000090e00000, 0x0000000090f00000|  0%| F|  |TAMS 0x0000000090e00000, 0x0000000090e00000| Untracked 
| 271|0x0000000090f00000, 0x0000000090f00000, 0x0000000091000000|  0%| F|  |TAMS 0x0000000090f00000, 0x0000000090f00000| Untracked 
| 272|0x0000000091000000, 0x0000000091000000, 0x0000000091100000|  0%| F|  |TAMS 0x0000000091000000, 0x0000000091000000| Untracked 
| 273|0x0000000091100000, 0x0000000091100000, 0x0000000091200000|  0%| F|  |TAMS 0x0000000091100000, 0x0000000091100000| Untracked 
| 274|0x0000000091200000, 0x0000000091200000, 0x0000000091300000|  0%| F|  |TAMS 0x0000000091200000, 0x0000000091200000| Untracked 
| 275|0x0000000091300000, 0x0000000091300000, 0x0000000091400000|  0%| F|  |TAMS 0x0000000091300000, 0x0000000091300000| Untracked 
| 276|0x0000000091400000, 0x0000000091400000, 0x0000000091500000|  0%| F|  |TAMS 0x0000000091400000, 0x0000000091400000| Untracked 
| 277|0x0000000091500000, 0x0000000091500000, 0x0000000091600000|  0%| F|  |TAMS 0x0000000091500000, 0x0000000091500000| Untracked 
| 278|0x0000000091600000, 0x0000000091600000, 0x0000000091700000|  0%| F|  |TAMS 0x0000000091600000, 0x0000000091600000| Untracked 
| 279|0x0000000091700000, 0x0000000091700000, 0x0000000091800000|  0%| F|  |TAMS 0x0000000091700000, 0x0000000091700000| Untracked 
| 280|0x0000000091800000, 0x0000000091800000, 0x0000000091900000|  0%| F|  |TAMS 0x0000000091800000, 0x0000000091800000| Untracked 
| 281|0x0000000091900000, 0x0000000091900000, 0x0000000091a00000|  0%| F|  |TAMS 0x0000000091900000, 0x0000000091900000| Untracked 
| 282|0x0000000091a00000, 0x0000000091a00000, 0x0000000091b00000|  0%| F|  |TAMS 0x0000000091a00000, 0x0000000091a00000| Untracked 
| 283|0x0000000091b00000, 0x0000000091b00000, 0x0000000091c00000|  0%| F|  |TAMS 0x0000000091b00000, 0x0000000091b00000| Untracked 
| 284|0x0000000091c00000, 0x0000000091c00000, 0x0000000091d00000|  0%| F|  |TAMS 0x0000000091c00000, 0x0000000091c00000| Untracked 
| 285|0x0000000091d00000, 0x0000000091d00000, 0x0000000091e00000|  0%| F|  |TAMS 0x0000000091d00000, 0x0000000091d00000| Untracked 
| 286|0x0000000091e00000, 0x0000000091e00000, 0x0000000091f00000|  0%| F|  |TAMS 0x0000000091e00000, 0x0000000091e00000| Untracked 
| 287|0x0000000091f00000, 0x0000000091f00000, 0x0000000092000000|  0%| F|  |TAMS 0x0000000091f00000, 0x0000000091f00000| Untracked 
| 288|0x0000000092000000, 0x0000000092000000, 0x0000000092100000|  0%| F|  |TAMS 0x0000000092000000, 0x0000000092000000| Untracked 
| 289|0x0000000092100000, 0x0000000092100000, 0x0000000092200000|  0%| F|  |TAMS 0x0000000092100000, 0x0000000092100000| Untracked 
| 290|0x0000000092200000, 0x0000000092200000, 0x0000000092300000|  0%| F|  |TAMS 0x0000000092200000, 0x0000000092200000| Untracked 
| 291|0x0000000092300000, 0x0000000092300000, 0x0000000092400000|  0%| F|  |TAMS 0x0000000092300000, 0x0000000092300000| Untracked 
| 292|0x0000000092400000, 0x0000000092400000, 0x0000000092500000|  0%| F|  |TAMS 0x0000000092400000, 0x0000000092400000| Untracked 
| 293|0x0000000092500000, 0x0000000092500000, 0x0000000092600000|  0%| F|  |TAMS 0x0000000092500000, 0x0000000092500000| Untracked 
| 294|0x0000000092600000, 0x0000000092600000, 0x0000000092700000|  0%| F|  |TAMS 0x0000000092600000, 0x0000000092600000| Untracked 
| 295|0x0000000092700000, 0x0000000092700000, 0x0000000092800000|  0%| F|  |TAMS 0x0000000092700000, 0x0000000092700000| Untracked 
| 296|0x0000000092800000, 0x0000000092800000, 0x0000000092900000|  0%| F|  |TAMS 0x0000000092800000, 0x0000000092800000| Untracked 
| 297|0x0000000092900000, 0x0000000092900000, 0x0000000092a00000|  0%| F|  |TAMS 0x0000000092900000, 0x0000000092900000| Untracked 
| 298|0x0000000092a00000, 0x0000000092a00000, 0x0000000092b00000|  0%| F|  |TAMS 0x0000000092a00000, 0x0000000092a00000| Untracked 
| 299|0x0000000092b00000, 0x0000000092b00000, 0x0000000092c00000|  0%| F|  |TAMS 0x0000000092b00000, 0x0000000092b00000| Untracked 
| 300|0x0000000092c00000, 0x0000000092c5df20, 0x0000000092d00000| 36%| S|CS|TAMS 0x0000000092c00000, 0x0000000092c00000| Complete 
| 301|0x0000000092d00000, 0x0000000092e00000, 0x0000000092e00000|100%| S|CS|TAMS 0x0000000092d00000, 0x0000000092d00000| Complete 
| 302|0x0000000092e00000, 0x0000000092f00000, 0x0000000092f00000|100%| S|CS|TAMS 0x0000000092e00000, 0x0000000092e00000| Complete 
| 303|0x0000000092f00000, 0x0000000093000000, 0x0000000093000000|100%| S|CS|TAMS 0x0000000092f00000, 0x0000000092f00000| Complete 
| 304|0x0000000093000000, 0x0000000093100000, 0x0000000093100000|100%| S|CS|TAMS 0x0000000093000000, 0x0000000093000000| Complete 
| 305|0x0000000093100000, 0x0000000093200000, 0x0000000093200000|100%| S|CS|TAMS 0x0000000093100000, 0x0000000093100000| Complete 
| 306|0x0000000093200000, 0x0000000093300000, 0x0000000093300000|100%| S|CS|TAMS 0x0000000093200000, 0x0000000093200000| Complete 
| 307|0x0000000093300000, 0x0000000093400000, 0x0000000093400000|100%| S|CS|TAMS 0x0000000093300000, 0x0000000093300000| Complete 
| 308|0x0000000093400000, 0x0000000093500000, 0x0000000093500000|100%| S|CS|TAMS 0x0000000093400000, 0x0000000093400000| Complete 
| 309|0x0000000093500000, 0x0000000093500000, 0x0000000093600000|  0%| F|  |TAMS 0x0000000093500000, 0x0000000093500000| Untracked 
| 310|0x0000000093600000, 0x0000000093600000, 0x0000000093700000|  0%| F|  |TAMS 0x0000000093600000, 0x0000000093600000| Untracked 
| 311|0x0000000093700000, 0x0000000093700000, 0x0000000093800000|  0%| F|  |TAMS 0x0000000093700000, 0x0000000093700000| Untracked 
| 312|0x0000000093800000, 0x0000000093800000, 0x0000000093900000|  0%| F|  |TAMS 0x0000000093800000, 0x0000000093800000| Untracked 
| 313|0x0000000093900000, 0x0000000093900000, 0x0000000093a00000|  0%| F|  |TAMS 0x0000000093900000, 0x0000000093900000| Untracked 
| 314|0x0000000093a00000, 0x0000000093a00000, 0x0000000093b00000|  0%| F|  |TAMS 0x0000000093a00000, 0x0000000093a00000| Untracked 
| 315|0x0000000093b00000, 0x0000000093b00000, 0x0000000093c00000|  0%| F|  |TAMS 0x0000000093b00000, 0x0000000093b00000| Untracked 
| 316|0x0000000093c00000, 0x0000000093c00000, 0x0000000093d00000|  0%| F|  |TAMS 0x0000000093c00000, 0x0000000093c00000| Untracked 
| 317|0x0000000093d00000, 0x0000000093d00000, 0x0000000093e00000|  0%| F|  |TAMS 0x0000000093d00000, 0x0000000093d00000| Untracked 
| 318|0x0000000093e00000, 0x0000000093e00000, 0x0000000093f00000|  0%| F|  |TAMS 0x0000000093e00000, 0x0000000093e00000| Untracked 
| 319|0x0000000093f00000, 0x0000000093f00000, 0x0000000094000000|  0%| F|  |TAMS 0x0000000093f00000, 0x0000000093f00000| Untracked 
| 320|0x0000000094000000, 0x0000000094000000, 0x0000000094100000|  0%| F|  |TAMS 0x0000000094000000, 0x0000000094000000| Untracked 
| 321|0x0000000094100000, 0x0000000094100000, 0x0000000094200000|  0%| F|  |TAMS 0x0000000094100000, 0x0000000094100000| Untracked 
| 322|0x0000000094200000, 0x0000000094200000, 0x0000000094300000|  0%| F|  |TAMS 0x0000000094200000, 0x0000000094200000| Untracked 
| 323|0x0000000094300000, 0x0000000094300000, 0x0000000094400000|  0%| F|  |TAMS 0x0000000094300000, 0x0000000094300000| Untracked 
| 324|0x0000000094400000, 0x0000000094400000, 0x0000000094500000|  0%| F|  |TAMS 0x0000000094400000, 0x0000000094400000| Untracked 
| 325|0x0000000094500000, 0x0000000094500000, 0x0000000094600000|  0%| F|  |TAMS 0x0000000094500000, 0x0000000094500000| Untracked 
| 326|0x0000000094600000, 0x0000000094600000, 0x0000000094700000|  0%| F|  |TAMS 0x0000000094600000, 0x0000000094600000| Untracked 
| 327|0x0000000094700000, 0x0000000094700000, 0x0000000094800000|  0%| F|  |TAMS 0x0000000094700000, 0x0000000094700000| Untracked 
| 328|0x0000000094800000, 0x0000000094800000, 0x0000000094900000|  0%| F|  |TAMS 0x0000000094800000, 0x0000000094800000| Untracked 
| 329|0x0000000094900000, 0x0000000094900000, 0x0000000094a00000|  0%| F|  |TAMS 0x0000000094900000, 0x0000000094900000| Untracked 
| 330|0x0000000094a00000, 0x0000000094a00000, 0x0000000094b00000|  0%| F|  |TAMS 0x0000000094a00000, 0x0000000094a00000| Untracked 
| 331|0x0000000094b00000, 0x0000000094b00000, 0x0000000094c00000|  0%| F|  |TAMS 0x0000000094b00000, 0x0000000094b00000| Untracked 
| 332|0x0000000094c00000, 0x0000000094c00000, 0x0000000094d00000|  0%| F|  |TAMS 0x0000000094c00000, 0x0000000094c00000| Untracked 
| 333|0x0000000094d00000, 0x0000000094d00000, 0x0000000094e00000|  0%| F|  |TAMS 0x0000000094d00000, 0x0000000094d00000| Untracked 
| 334|0x0000000094e00000, 0x0000000094e00000, 0x0000000094f00000|  0%| F|  |TAMS 0x0000000094e00000, 0x0000000094e00000| Untracked 
| 335|0x0000000094f00000, 0x0000000094f00000, 0x0000000095000000|  0%| F|  |TAMS 0x0000000094f00000, 0x0000000094f00000| Untracked 
| 336|0x0000000095000000, 0x0000000095000000, 0x0000000095100000|  0%| F|  |TAMS 0x0000000095000000, 0x0000000095000000| Untracked 
| 337|0x0000000095100000, 0x0000000095100000, 0x0000000095200000|  0%| F|  |TAMS 0x0000000095100000, 0x0000000095100000| Untracked 
| 338|0x0000000095200000, 0x0000000095200000, 0x0000000095300000|  0%| F|  |TAMS 0x0000000095200000, 0x0000000095200000| Untracked 
| 339|0x0000000095300000, 0x0000000095300000, 0x0000000095400000|  0%| F|  |TAMS 0x0000000095300000, 0x0000000095300000| Untracked 
| 340|0x0000000095400000, 0x0000000095400000, 0x0000000095500000|  0%| F|  |TAMS 0x0000000095400000, 0x0000000095400000| Untracked 
| 341|0x0000000095500000, 0x0000000095500000, 0x0000000095600000|  0%| F|  |TAMS 0x0000000095500000, 0x0000000095500000| Untracked 
| 342|0x0000000095600000, 0x0000000095600000, 0x0000000095700000|  0%| F|  |TAMS 0x0000000095600000, 0x0000000095600000| Untracked 
| 343|0x0000000095700000, 0x0000000095700000, 0x0000000095800000|  0%| F|  |TAMS 0x0000000095700000, 0x0000000095700000| Untracked 
| 344|0x0000000095800000, 0x0000000095800000, 0x0000000095900000|  0%| F|  |TAMS 0x0000000095800000, 0x0000000095800000| Untracked 
| 345|0x0000000095900000, 0x0000000095900000, 0x0000000095a00000|  0%| F|  |TAMS 0x0000000095900000, 0x0000000095900000| Untracked 
| 346|0x0000000095a00000, 0x0000000095a00000, 0x0000000095b00000|  0%| F|  |TAMS 0x0000000095a00000, 0x0000000095a00000| Untracked 
| 347|0x0000000095b00000, 0x0000000095b00000, 0x0000000095c00000|  0%| F|  |TAMS 0x0000000095b00000, 0x0000000095b00000| Untracked 
| 348|0x0000000095c00000, 0x0000000095c00000, 0x0000000095d00000|  0%| F|  |TAMS 0x0000000095c00000, 0x0000000095c00000| Untracked 
| 349|0x0000000095d00000, 0x0000000095d00000, 0x0000000095e00000|  0%| F|  |TAMS 0x0000000095d00000, 0x0000000095d00000| Untracked 
| 350|0x0000000095e00000, 0x0000000095e00000, 0x0000000095f00000|  0%| F|  |TAMS 0x0000000095e00000, 0x0000000095e00000| Untracked 
| 351|0x0000000095f00000, 0x0000000095f00000, 0x0000000096000000|  0%| F|  |TAMS 0x0000000095f00000, 0x0000000095f00000| Untracked 
| 352|0x0000000096000000, 0x0000000096000000, 0x0000000096100000|  0%| F|  |TAMS 0x0000000096000000, 0x0000000096000000| Untracked 
| 353|0x0000000096100000, 0x0000000096100000, 0x0000000096200000|  0%| F|  |TAMS 0x0000000096100000, 0x0000000096100000| Untracked 
| 354|0x0000000096200000, 0x0000000096200000, 0x0000000096300000|  0%| F|  |TAMS 0x0000000096200000, 0x0000000096200000| Untracked 
| 355|0x0000000096300000, 0x0000000096300000, 0x0000000096400000|  0%| F|  |TAMS 0x0000000096300000, 0x0000000096300000| Untracked 
| 356|0x0000000096400000, 0x0000000096400000, 0x0000000096500000|  0%| F|  |TAMS 0x0000000096400000, 0x0000000096400000| Untracked 
| 357|0x0000000096500000, 0x0000000096500000, 0x0000000096600000|  0%| F|  |TAMS 0x0000000096500000, 0x0000000096500000| Untracked 
| 358|0x0000000096600000, 0x0000000096600000, 0x0000000096700000|  0%| F|  |TAMS 0x0000000096600000, 0x0000000096600000| Untracked 
| 359|0x0000000096700000, 0x0000000096700000, 0x0000000096800000|  0%| F|  |TAMS 0x0000000096700000, 0x0000000096700000| Untracked 
| 360|0x0000000096800000, 0x0000000096800000, 0x0000000096900000|  0%| F|  |TAMS 0x0000000096800000, 0x0000000096800000| Untracked 
| 361|0x0000000096900000, 0x0000000096900000, 0x0000000096a00000|  0%| F|  |TAMS 0x0000000096900000, 0x0000000096900000| Untracked 
| 362|0x0000000096a00000, 0x0000000096a00000, 0x0000000096b00000|  0%| F|  |TAMS 0x0000000096a00000, 0x0000000096a00000| Untracked 
| 363|0x0000000096b00000, 0x0000000096b00000, 0x0000000096c00000|  0%| F|  |TAMS 0x0000000096b00000, 0x0000000096b00000| Untracked 
| 364|0x0000000096c00000, 0x0000000096c00000, 0x0000000096d00000|  0%| F|  |TAMS 0x0000000096c00000, 0x0000000096c00000| Untracked 
| 365|0x0000000096d00000, 0x0000000096d00000, 0x0000000096e00000|  0%| F|  |TAMS 0x0000000096d00000, 0x0000000096d00000| Untracked 
| 366|0x0000000096e00000, 0x0000000096e00000, 0x0000000096f00000|  0%| F|  |TAMS 0x0000000096e00000, 0x0000000096e00000| Untracked 
| 367|0x0000000096f00000, 0x0000000096f00000, 0x0000000097000000|  0%| F|  |TAMS 0x0000000096f00000, 0x0000000096f00000| Untracked 
| 368|0x0000000097000000, 0x0000000097000000, 0x0000000097100000|  0%| F|  |TAMS 0x0000000097000000, 0x0000000097000000| Untracked 
| 369|0x0000000097100000, 0x00000000971918b8, 0x0000000097200000| 56%| E|  |TAMS 0x0000000097100000, 0x0000000097100000| Complete 
| 370|0x0000000097200000, 0x0000000097300000, 0x0000000097300000|100%| E|CS|TAMS 0x0000000097200000, 0x0000000097200000| Complete 
| 371|0x0000000097300000, 0x0000000097400000, 0x0000000097400000|100%| E|CS|TAMS 0x0000000097300000, 0x0000000097300000| Complete 
| 372|0x0000000097400000, 0x0000000097500000, 0x0000000097500000|100%| E|CS|TAMS 0x0000000097400000, 0x0000000097400000| Complete 
| 373|0x0000000097500000, 0x0000000097600000, 0x0000000097600000|100%| E|CS|TAMS 0x0000000097500000, 0x0000000097500000| Complete 
| 374|0x0000000097600000, 0x0000000097700000, 0x0000000097700000|100%| E|CS|TAMS 0x0000000097600000, 0x0000000097600000| Complete 
| 375|0x0000000097700000, 0x0000000097800000, 0x0000000097800000|100%| E|CS|TAMS 0x0000000097700000, 0x0000000097700000| Complete 
| 376|0x0000000097800000, 0x0000000097900000, 0x0000000097900000|100%| E|CS|TAMS 0x0000000097800000, 0x0000000097800000| Complete 
| 377|0x0000000097900000, 0x0000000097a00000, 0x0000000097a00000|100%| E|CS|TAMS 0x0000000097900000, 0x0000000097900000| Complete 
| 378|0x0000000097a00000, 0x0000000097b00000, 0x0000000097b00000|100%| E|CS|TAMS 0x0000000097a00000, 0x0000000097a00000| Complete 
| 379|0x0000000097b00000, 0x0000000097c00000, 0x0000000097c00000|100%| E|CS|TAMS 0x0000000097b00000, 0x0000000097b00000| Complete 
| 380|0x0000000097c00000, 0x0000000097d00000, 0x0000000097d00000|100%| E|CS|TAMS 0x0000000097c00000, 0x0000000097c00000| Complete 
| 381|0x0000000097d00000, 0x0000000097e00000, 0x0000000097e00000|100%| E|CS|TAMS 0x0000000097d00000, 0x0000000097d00000| Complete 
| 382|0x0000000097e00000, 0x0000000097f00000, 0x0000000097f00000|100%| E|CS|TAMS 0x0000000097e00000, 0x0000000097e00000| Complete 
| 383|0x0000000097f00000, 0x0000000098000000, 0x0000000098000000|100%| E|CS|TAMS 0x0000000097f00000, 0x0000000097f00000| Complete 

Card table byte_map: [0x000001afbc290000,0x000001afbc690000] _byte_map_base: 0x000001afbbe90000

Marking Bits (Prev, Next): (CMBitMap*) 0x000001afa30c18d0, (CMBitMap*) 0x000001afa30c1890
 Prev Bits: [0x000001afbea90000, 0x000001afc0a90000)
 Next Bits: [0x000001afbca90000, 0x000001afbea90000)

Polling page: 0x000001afa2dd0000

Metaspace:

Usage:
  Non-class:    111.54 MB used.
      Class:     17.65 MB used.
       Both:    129.19 MB used.

Virtual space:
  Non-class space:      128.00 MB reserved,     112.50 MB ( 88%) committed,  2 nodes.
      Class space:      416.00 MB reserved,      18.50 MB (  4%) committed,  1 nodes.
             Both:      544.00 MB reserved,     131.00 MB ( 24%) committed. 

Chunk freelists:
   Non-Class:  15.30 MB
       Class:  13.41 MB
        Both:  28.71 MB

MaxMetaspaceSize: 512.00 MB
CompressedClassSpaceSize: 416.00 MB
Initial GC threshold: 21.00 MB
Current GC threshold: 135.56 MB
CDS: on
MetaspaceReclaimPolicy: balanced
 - commit_granule_bytes: 65536.
 - commit_granule_words: 8192.
 - virtual_space_node_default_size: 8388608.
 - enlarge_chunks_in_place: 1.
 - new_chunks_are_fully_committed: 0.
 - uncommit_free_chunks: 1.
 - use_allocation_guard: 0.
 - handle_deallocations: 1.


Internal statistics:

num_allocs_failed_limit: 9.
num_arena_births: 2778.
num_arena_deaths: 4.
num_vsnodes_births: 3.
num_vsnodes_deaths: 0.
num_space_committed: 2095.
num_space_uncommitted: 0.
num_chunks_returned_to_freelist: 14.
num_chunks_taken_from_freelist: 9183.
num_chunk_merges: 9.
num_chunk_splits: 5620.
num_chunks_enlarged: 3183.
num_inconsistent_stats: 0.

CodeHeap 'non-profiled nmethods': size=120000Kb used=15712Kb max_used=15712Kb free=104287Kb
 bounds [0x000001afb3ce0000, 0x000001afb4c40000, 0x000001afbb210000]
CodeHeap 'profiled nmethods': size=120000Kb used=37989Kb max_used=37989Kb free=82010Kb
 bounds [0x000001afac210000, 0x000001afae730000, 0x000001afb3740000]
CodeHeap 'non-nmethods': size=5760Kb used=2494Kb max_used=2606Kb free=3265Kb
 bounds [0x000001afb3740000, 0x000001afb3a00000, 0x000001afb3ce0000]
 total_blobs=20158 nmethods=19120 adapters=949
 compilation: enabled
              stopped_count=0, restarted_count=0
 full_count=0

Compilation events (20 events):
Event: 161.711 Thread 0x000001afc0ce0b10 nmethod 22783 0x000001afae72a090 code [0x000001afae72a240, 0x000001afae72a428]
Event: 164.342 Thread 0x000001afc0cd74b0 22784       4       java.lang.Character::isSurrogate (18 bytes)
Event: 164.342 Thread 0x000001afc0cd74b0 nmethod 22784 0x000001afb4c37190 code [0x000001afb4c37300, 0x000001afb4c37378]
Event: 168.706 Thread 0x000001afc0ce0b10 22785       3       java.util.concurrent.ScheduledThreadPoolExecutor$ScheduledFutureTask::isPeriodic (15 bytes)
Event: 168.706 Thread 0x000001afc0ce0b10 nmethod 22785 0x000001afae72a510 code [0x000001afae72a6a0, 0x000001afae72a818]
Event: 168.706 Thread 0x000001afc0cd74b0 22786       4       java.util.concurrent.ThreadPoolExecutor::workerCountOf (5 bytes)
Event: 168.707 Thread 0x000001afc0cd74b0 nmethod 22786 0x000001afb4c37490 code [0x000001afb4c37600, 0x000001afb4c37658]
Event: 169.709 Thread 0x000001afc0ce0b10 22787       1       org.gradle.process.internal.health.memory.DefaultAvailableOsMemoryStatusAspect::getTotal (5 bytes)
Event: 169.709 Thread 0x000001afc0ce0b10 nmethod 22787 0x000001afb4c37790 code [0x000001afb4c37920, 0x000001afb4c379f8]
Event: 173.809 Thread 0x000001afc0cd74b0 22788       4       java.lang.invoke.MethodHandles$Lookup::checkSecurityManager (97 bytes)
Event: 173.811 Thread 0x000001afc0cd74b0 nmethod 22788 0x000001afb4c37a90 code [0x000001afb4c37c20, 0x000001afb4c37d18]
Event: 175.590 Thread 0x000001afc0ce0b10 22789       3       java.lang.String::<init> (14 bytes)
Event: 175.590 Thread 0x000001afc0cd74b0 22790       4       java.lang.String::rangeCheck (9 bytes)
Event: 175.591 Thread 0x000001afc0ce0b10 nmethod 22789 0x000001afae72a890 code [0x000001afae72aa60, 0x000001afae72ac78]
Event: 175.591 Thread 0x000001afc0ce0b10 22791       3       org.gradle.internal.logging.events.StyledTextOutputEvent::<init> (24 bytes)
Event: 175.591 Thread 0x000001afc0ce0b10 nmethod 22791 0x000001afae72ad90 code [0x000001afae72af40, 0x000001afae72b178]
Event: 175.591 Thread 0x000001afc0cd74b0 nmethod 22790 0x000001afb4c37e10 code [0x000001afb4c37fa0, 0x000001afb4c38078]
Event: 176.498 Thread 0x000001afc0ce0b10 22792       3       java.lang.StringUTF16::compress (50 bytes)
Event: 176.498 Thread 0x000001afc0cd74b0 22793       4       org.gradle.internal.operations.CurrentBuildOperationRef::set (20 bytes)
Event: 176.498 Thread 0x000001afc0ce0b10 nmethod 22792 0x000001afae72b290 code [0x000001afae72b440, 0x000001afae72b678]

GC Heap History (20 events):
Event: 31.844 GC heap before
{Heap before GC invocations=38 (full 0):
 garbage-first heap   total 393216K, used 315871K [0x0000000080000000, 0x0000000100000000)
  region size 1024K, 143 young (146432K), 19 survivors (19456K)
 Metaspace       used 122525K, committed 123968K, reserved 557056K
  class space    used 17021K, committed 17728K, reserved 425984K
}
Event: 31.860 GC heap after
{Heap after GC invocations=39 (full 0):
 garbage-first heap   total 393216K, used 199774K [0x0000000080000000, 0x0000000100000000)
  region size 1024K, 10 young (10240K), 10 survivors (10240K)
 Metaspace       used 122525K, committed 123968K, reserved 557056K
  class space    used 17021K, committed 17728K, reserved 425984K
}
Event: 32.862 GC heap before
{Heap before GC invocations=39 (full 0):
 garbage-first heap   total 393216K, used 319582K [0x0000000080000000, 0x0000000100000000)
  region size 1024K, 128 young (131072K), 10 survivors (10240K)
 Metaspace       used 122813K, committed 124288K, reserved 557056K
  class space    used 17045K, committed 17792K, reserved 425984K
}
Event: 32.875 GC heap after
{Heap after GC invocations=40 (full 0):
 garbage-first heap   total 393216K, used 203757K [0x0000000080000000, 0x0000000100000000)
  region size 1024K, 14 young (14336K), 14 survivors (14336K)
 Metaspace       used 122813K, committed 124288K, reserved 557056K
  class space    used 17045K, committed 17792K, reserved 425984K
}
Event: 33.475 GC heap before
{Heap before GC invocations=40 (full 0):
 garbage-first heap   total 393216K, used 322541K [0x0000000080000000, 0x0000000100000000)
  region size 1024K, 131 young (134144K), 14 survivors (14336K)
 Metaspace       used 122996K, committed 124544K, reserved 557056K
  class space    used 17059K, committed 17792K, reserved 425984K
}
Event: 33.487 GC heap after
{Heap after GC invocations=41 (full 0):
 garbage-first heap   total 393216K, used 207925K [0x0000000080000000, 0x0000000100000000)
  region size 1024K, 12 young (12288K), 12 survivors (12288K)
 Metaspace       used 122996K, committed 124544K, reserved 557056K
  class space    used 17059K, committed 17792K, reserved 425984K
}
Event: 36.998 GC heap before
{Heap before GC invocations=41 (full 0):
 garbage-first heap   total 393216K, used 330805K [0x0000000080000000, 0x0000000100000000)
  region size 1024K, 128 young (131072K), 12 survivors (12288K)
 Metaspace       used 126334K, committed 127872K, reserved 557056K
  class space    used 17365K, committed 18112K, reserved 425984K
}
Event: 37.009 GC heap after
{Heap after GC invocations=42 (full 0):
 garbage-first heap   total 393216K, used 214117K [0x0000000080000000, 0x0000000100000000)
  region size 1024K, 13 young (13312K), 13 survivors (13312K)
 Metaspace       used 126334K, committed 127872K, reserved 557056K
  class space    used 17365K, committed 18112K, reserved 425984K
}
Event: 139.207 GC heap before
{Heap before GC invocations=42 (full 0):
 garbage-first heap   total 393216K, used 327781K [0x0000000080000000, 0x0000000100000000)
  region size 1024K, 125 young (128000K), 13 survivors (13312K)
 Metaspace       used 127467K, committed 129024K, reserved 557056K
  class space    used 17516K, committed 18240K, reserved 425984K
}
Event: 139.219 GC heap after
{Heap after GC invocations=43 (full 0):
 garbage-first heap   total 393216K, used 219188K [0x0000000080000000, 0x0000000100000000)
  region size 1024K, 13 young (13312K), 13 survivors (13312K)
 Metaspace       used 127467K, committed 129024K, reserved 557056K
  class space    used 17516K, committed 18240K, reserved 425984K
}
Event: 140.991 GC heap before
{Heap before GC invocations=43 (full 0):
 garbage-first heap   total 393216K, used 328756K [0x0000000080000000, 0x0000000100000000)
  region size 1024K, 121 young (123904K), 13 survivors (13312K)
 Metaspace       used 128118K, committed 129728K, reserved 557056K
  class space    used 17578K, committed 18368K, reserved 425984K
}
Event: 141.007 GC heap after
{Heap after GC invocations=44 (full 0):
 garbage-first heap   total 393216K, used 228578K [0x0000000080000000, 0x0000000100000000)
  region size 1024K, 16 young (16384K), 16 survivors (16384K)
 Metaspace       used 128118K, committed 129728K, reserved 557056K
  class space    used 17578K, committed 18368K, reserved 425984K
}
Event: 142.875 GC heap before
{Heap before GC invocations=44 (full 0):
 garbage-first heap   total 393216K, used 328930K [0x0000000080000000, 0x0000000100000000)
  region size 1024K, 115 young (117760K), 16 survivors (16384K)
 Metaspace       used 128886K, committed 130624K, reserved 557056K
  class space    used 17627K, committed 18496K, reserved 425984K
}
Event: 142.898 GC heap after
{Heap after GC invocations=45 (full 0):
 garbage-first heap   total 393216K, used 246221K [0x0000000080000000, 0x0000000100000000)
  region size 1024K, 15 young (15360K), 15 survivors (15360K)
 Metaspace       used 128886K, committed 130624K, reserved 557056K
  class space    used 17627K, committed 18496K, reserved 425984K
}
Event: 143.590 GC heap before
{Heap before GC invocations=45 (full 0):
 garbage-first heap   total 393216K, used 326093K [0x0000000080000000, 0x0000000100000000)
  region size 1024K, 93 young (95232K), 15 survivors (15360K)
 Metaspace       used 131237K, committed 132992K, reserved 557056K
  class space    used 17922K, committed 18752K, reserved 425984K
}
Event: 143.605 GC heap after
{Heap after GC invocations=46 (full 0):
 garbage-first heap   total 393216K, used 255859K [0x0000000080000000, 0x0000000100000000)
  region size 1024K, 9 young (9216K), 9 survivors (9216K)
 Metaspace       used 131237K, committed 132992K, reserved 557056K
  class space    used 17922K, committed 18752K, reserved 425984K
}
Event: 152.606 GC heap before
{Heap before GC invocations=46 (full 0):
 garbage-first heap   total 393216K, used 327539K [0x0000000080000000, 0x0000000100000000)
  region size 1024K, 80 young (81920K), 9 survivors (9216K)
 Metaspace       used 132270K, committed 134080K, reserved 557056K
  class space    used 18070K, committed 18944K, reserved 425984K
}
Event: 152.618 GC heap after
{Heap after GC invocations=47 (full 0):
 garbage-first heap   total 393216K, used 259556K [0x0000000080000000, 0x0000000100000000)
  region size 1024K, 4 young (4096K), 4 survivors (4096K)
 Metaspace       used 132270K, committed 134080K, reserved 557056K
  class space    used 18070K, committed 18944K, reserved 425984K
}
Event: 159.759 GC heap before
{Heap before GC invocations=47 (full 0):
 garbage-first heap   total 393216K, used 332260K [0x0000000080000000, 0x0000000100000000)
  region size 1024K, 75 young (76800K), 4 survivors (4096K)
 Metaspace       used 132274K, committed 134080K, reserved 557056K
  class space    used 18070K, committed 18944K, reserved 425984K
}
Event: 159.766 GC heap after
{Heap after GC invocations=48 (full 0):
 garbage-first heap   total 393216K, used 264132K [0x0000000080000000, 0x0000000100000000)
  region size 1024K, 9 young (9216K), 9 survivors (9216K)
 Metaspace       used 132274K, committed 134080K, reserved 557056K
  class space    used 18070K, committed 18944K, reserved 425984K
}

Dll operation events (15 events):
Event: 0.009 Loaded shared library C:\Program Files\Microsoft\jdk-17.0.20.101-hotspot\bin\java.dll
Event: 0.027 Loaded shared library C:\Program Files\Microsoft\jdk-17.0.20.101-hotspot\bin\jsvml.dll
Event: 0.063 Loaded shared library C:\Program Files\Microsoft\jdk-17.0.20.101-hotspot\bin\zip.dll
Event: 0.065 Loaded shared library C:\Program Files\Microsoft\jdk-17.0.20.101-hotspot\bin\instrument.dll
Event: 0.068 Loaded shared library C:\Program Files\Microsoft\jdk-17.0.20.101-hotspot\bin\net.dll
Event: 0.070 Loaded shared library C:\Program Files\Microsoft\jdk-17.0.20.101-hotspot\bin\nio.dll
Event: 0.072 Loaded shared library C:\Program Files\Microsoft\jdk-17.0.20.101-hotspot\bin\zip.dll
Event: 0.293 Loaded shared library C:\Program Files\Microsoft\jdk-17.0.20.101-hotspot\bin\jimage.dll
Event: 0.444 Loaded shared library C:\Program Files\Microsoft\jdk-17.0.20.101-hotspot\bin\verify.dll
Event: 0.565 Loaded shared library C:\Users\abhayr\.gradle\native\1def1411415f61bf3af743bc5b6707747c0891f09f0c88961ee8f79bc544acac\windows-amd64\native-platform.dll
Event: 0.580 Loaded shared library C:\Users\abhayr\.gradle\native\0.2.7\x86_64-windows-gnu\gradle-fileevents.dll
Event: 1.655 Loaded shared library C:\Program Files\Microsoft\jdk-17.0.20.101-hotspot\bin\management.dll
Event: 1.659 Loaded shared library C:\Program Files\Microsoft\jdk-17.0.20.101-hotspot\bin\management_ext.dll
Event: 1.808 Loaded shared library C:\Program Files\Microsoft\jdk-17.0.20.101-hotspot\bin\extnet.dll
Event: 1.996 Loaded shared library C:\Program Files\Microsoft\jdk-17.0.20.101-hotspot\bin\sunmscapi.dll

Deoptimization events (20 events):
Event: 164.341 Thread 0x000001afe6c2d4a0 Uncommon trap: trap_request=0xffffff45 fr.pc=0x000001afb3e2ebd8 relative=0x00000000000004b8
Event: 164.341 Thread 0x000001afe6c2d4a0 Uncommon trap: reason=unstable_if action=reinterpret pc=0x000001afb3e2ebd8 method=java.lang.StringUTF16.compress([CII)[B @ 13 c2
Event: 164.341 Thread 0x000001afe6c2d4a0 DEOPT PACKING pc=0x000001afb3e2ebd8 sp=0x00000081974fed60
Event: 164.341 Thread 0x000001afe6c2d4a0 DEOPT UNPACKING pc=0x000001afb37969a3 sp=0x00000081974fec28 mode 2
Event: 164.357 Thread 0x000001afe7f16f90 Uncommon trap: trap_request=0xffffff45 fr.pc=0x000001afb418feec relative=0x000000000000028c
Event: 164.357 Thread 0x000001afe7f16f90 Uncommon trap: reason=unstable_if action=reinterpret pc=0x000001afb418feec method=com.esotericsoftware.kryo.io.Output.writeString(Ljava/lang/CharSequence;)V @ 83 c2
Event: 164.357 Thread 0x000001afe7f16f90 DEOPT PACKING pc=0x000001afb418feec sp=0x0000008195dfef30
Event: 164.357 Thread 0x000001afe7f16f90 DEOPT UNPACKING pc=0x000001afb37969a3 sp=0x0000008195dfee68 mode 2
Event: 167.896 Thread 0x000001afe6c2d4a0 Uncommon trap: trap_request=0xffffff45 fr.pc=0x000001afb3d00394 relative=0x00000000000003f4
Event: 167.896 Thread 0x000001afe6c2d4a0 Uncommon trap: reason=unstable_if action=reinterpret pc=0x000001afb3d00394 method=java.lang.StringUTF16.compress([CII)[B @ 13 c2
Event: 167.896 Thread 0x000001afe6c2d4a0 DEOPT PACKING pc=0x000001afb3d00394 sp=0x00000081974fecb0
Event: 167.897 Thread 0x000001afe6c2d4a0 DEOPT UNPACKING pc=0x000001afb37969a3 sp=0x00000081974fec18 mode 2
Event: 171.399 Thread 0x000001afe6c2d4a0 Uncommon trap: trap_request=0xffffff45 fr.pc=0x000001afb3cffcbc relative=0x000000000000021c
Event: 171.399 Thread 0x000001afe6c2d4a0 Uncommon trap: reason=unstable_if action=reinterpret pc=0x000001afb3cffcbc method=java.lang.StringUTF16.compress([CII)[B @ 13 c2
Event: 171.399 Thread 0x000001afe6c2d4a0 DEOPT PACKING pc=0x000001afb3cffcbc sp=0x00000081974fec70
Event: 171.399 Thread 0x000001afe6c2d4a0 DEOPT UNPACKING pc=0x000001afb37969a3 sp=0x00000081974fec10 mode 2
Event: 174.910 Thread 0x000001afe6c2d4a0 Uncommon trap: trap_request=0xffffff45 fr.pc=0x000001afb3cfa074 relative=0x0000000000000354
Event: 174.910 Thread 0x000001afe6c2d4a0 Uncommon trap: reason=unstable_if action=reinterpret pc=0x000001afb3cfa074 method=java.lang.StringUTF16.compress([CI[BII)I @ 20 c2
Event: 174.910 Thread 0x000001afe6c2d4a0 DEOPT PACKING pc=0x000001afb3cfa074 sp=0x00000081974febe0
Event: 174.910 Thread 0x000001afe6c2d4a0 DEOPT UNPACKING pc=0x000001afb37969a3 sp=0x00000081974feb88 mode 2

Classes loaded (20 events):
Event: 143.543 Loading class java/net/URL$2
Event: 143.543 Loading class java/net/URL$2 done
Event: 143.543 Loading class java/net/URL$1
Event: 143.543 Loading class java/net/URL$1 done
Event: 143.543 Loading class java/net/spi/URLStreamHandlerProvider
Event: 143.543 Loading class java/net/spi/URLStreamHandlerProvider done
Event: 143.545 Loading class sun/net/www/protocol/http/Handler
Event: 143.545 Loading class sun/net/www/protocol/http/Handler done
Event: 143.548 Loading class javax/crypto/JceSecurity$WeakIdentityWrapper
Event: 143.548 Loading class javax/crypto/JceSecurity$WeakIdentityWrapper done
Event: 143.548 Loading class javax/crypto/JceSecurity$2
Event: 143.548 Loading class javax/crypto/JceSecurity$2 done
Event: 143.548 Loading class javax/crypto/JceSecurity$3
Event: 143.548 Loading class javax/crypto/JceSecurity$3 done
Event: 143.548 Loading class javax/crypto/ProviderVerifier
Event: 143.548 Loading class javax/crypto/ProviderVerifier done
Event: 144.098 Loading class java/util/zip/ZipInputStream
Event: 144.098 Loading class java/util/zip/ZipInputStream done
Event: 144.099 Loading class java/io/PushbackInputStream
Event: 144.099 Loading class java/io/PushbackInputStream done

Classes unloaded (2 events):
Event: 17.210 Thread 0x000001afc0cb07f0 Unloading class 0x000001afc5acc000 'java/lang/invoke/LambdaForm$MH+0x000001afc5acc000'
Event: 17.210 Thread 0x000001afc0cb07f0 Unloading class 0x000001afc5ac0800 'java/lang/invoke/LambdaForm$DMH+0x000001afc5ac0800'

Classes redefined (0 events):
No events

Internal exceptions (20 events):
Event: 140.397 Thread 0x000001afe85769b0 Exception <a 'sun/nio/fs/WindowsException'{0x00000000953d85a0}> (0x00000000953d85a0) 
thrown [s\src\hotspot\share\prims\jni.cpp, line 516]
Event: 140.397 Thread 0x000001afe85769b0 Exception <a 'sun/nio/fs/WindowsException'{0x00000000953d9bd8}> (0x00000000953d9bd8) 
thrown [s\src\hotspot\share\prims\jni.cpp, line 516]
Event: 140.397 Thread 0x000001afe85769b0 Exception <a 'sun/nio/fs/WindowsException'{0x00000000953dbea0}> (0x00000000953dbea0) 
thrown [s\src\hotspot\share\prims\jni.cpp, line 516]
Event: 140.911 Thread 0x000001afe7f15b50 Exception <a 'sun/nio/fs/WindowsException'{0x00000000921afb88}> (0x00000000921afb88) 
thrown [s\src\hotspot\share\prims\jni.cpp, line 516]
Event: 140.911 Thread 0x000001afe7f15b50 Exception <a 'sun/nio/fs/WindowsException'{0x00000000921b1d00}> (0x00000000921b1d00) 
thrown [s\src\hotspot\share\prims\jni.cpp, line 516]
Event: 140.911 Thread 0x000001afe7f15b50 Exception <a 'sun/nio/fs/WindowsException'{0x00000000921cd940}> (0x00000000921cd940) 
thrown [s\src\hotspot\share\prims\jni.cpp, line 516]
Event: 140.911 Thread 0x000001afe7f15b50 Exception <a 'sun/nio/fs/WindowsException'{0x00000000921cf690}> (0x00000000921cf690) 
thrown [s\src\hotspot\share\prims\jni.cpp, line 516]
Event: 140.920 Thread 0x000001afe7f14c20 Exception <a 'sun/nio/fs/WindowsException'{0x00000000920d2c70}> (0x00000000920d2c70) 
thrown [s\src\hotspot\share\prims\jni.cpp, line 516]
Event: 140.920 Thread 0x000001afe7f14c20 Exception <a 'sun/nio/fs/WindowsException'{0x00000000920d4b58}> (0x00000000920d4b58) 
thrown [s\src\hotspot\share\prims\jni.cpp, line 516]
Event: 140.920 Thread 0x000001afe7f14c20 Exception <a 'sun/nio/fs/WindowsException'{0x00000000920d69c0}> (0x00000000920d69c0) 
thrown [s\src\hotspot\share\prims\jni.cpp, line 516]
Event: 140.920 Thread 0x000001afe7f14c20 Exception <a 'sun/nio/fs/WindowsException'{0x00000000920d84d0}> (0x00000000920d84d0) 
thrown [s\src\hotspot\share\prims\jni.cpp, line 516]
Event: 140.950 Thread 0x000001afe7f14c20 Exception <a 'sun/nio/fs/WindowsException'{0x0000000091ec7108}> (0x0000000091ec7108) 
thrown [s\src\hotspot\share\prims\jni.cpp, line 516]
Event: 140.951 Thread 0x000001afe7f14c20 Exception <a 'sun/nio/fs/WindowsException'{0x0000000091ec8e58}> (0x0000000091ec8e58) 
thrown [s\src\hotspot\share\prims\jni.cpp, line 516]
Event: 140.951 Thread 0x000001afe7f14c20 Exception <a 'sun/nio/fs/WindowsException'{0x0000000091ecab28}> (0x0000000091ecab28) 
thrown [s\src\hotspot\share\prims\jni.cpp, line 516]
Event: 140.951 Thread 0x000001afe7f14c20 Exception <a 'sun/nio/fs/WindowsException'{0x0000000091ecc4f0}> (0x0000000091ecc4f0) 
thrown [s\src\hotspot\share\prims\jni.cpp, line 516]
Event: 142.534 Thread 0x000001afe85769b0 Exception <a 'sun/nio/fs/WindowsException'{0x000000009310ccc8}> (0x000000009310ccc8) 
thrown [s\src\hotspot\share\prims\jni.cpp, line 516]
Event: 142.534 Thread 0x000001afe85769b0 Exception <a 'sun/nio/fs/WindowsException'{0x000000009310e300}> (0x000000009310e300) 
thrown [s\src\hotspot\share\prims\jni.cpp, line 516]
Event: 142.535 Thread 0x000001afe85769b0 Exception <a 'sun/nio/fs/WindowsException'{0x000000009310f988}> (0x000000009310f988) 
thrown [s\src\hotspot\share\prims\jni.cpp, line 516]
Event: 142.535 Thread 0x000001afe85769b0 Exception <a 'sun/nio/fs/WindowsException'{0x0000000093111010}> (0x0000000093111010) 
thrown [s\src\hotspot\share\prims\jni.cpp, line 516]
Event: 143.535 Thread 0x000001afe85769b0 Exception <a 'sun/nio/fs/WindowsException'{0x0000000093667620}> (0x0000000093667620) 
thrown [s\src\hotspot\share\prims\jni.cpp, line 516]

VM Operations (20 events):
Event: 144.609 Executing VM operation: Cleanup
Event: 144.609 Executing VM operation: Cleanup done
Event: 146.618 Executing VM operation: Cleanup
Event: 146.619 Executing VM operation: Cleanup done
Event: 147.619 Executing VM operation: Cleanup
Event: 147.619 Executing VM operation: Cleanup done
Event: 152.606 Executing VM operation: G1CollectForAllocation
Event: 152.618 Executing VM operation: G1CollectForAllocation done
Event: 157.425 Executing VM operation: HandshakeAllThreads
Event: 157.425 Executing VM operation: HandshakeAllThreads done
Event: 157.425 Executing VM operation: Cleanup
Event: 157.425 Executing VM operation: Cleanup done
Event: 158.426 Executing VM operation: Cleanup
Event: 158.426 Executing VM operation: Cleanup done
Event: 159.427 Executing VM operation: Cleanup
Event: 159.427 Executing VM operation: Cleanup done
Event: 159.759 Executing VM operation: G1CollectForAllocation
Event: 159.766 Executing VM operation: G1CollectForAllocation done
Event: 160.771 Executing VM operation: Cleanup
Event: 160.771 Executing VM operation: Cleanup done

Memory protections (0 events):
No events

Nmethod flushes (20 events):
Event: 139.579 Thread 0x000001afc0cf7450 flushing  nmethod 0x000001afae1ca790
Event: 139.579 Thread 0x000001afc0cf7450 flushing  nmethod 0x000001afae1caf10
Event: 139.579 Thread 0x000001afc0cf7450 flushing  nmethod 0x000001afae1d0d90
Event: 139.579 Thread 0x000001afc0cf7450 flushing osr nmethod 0x000001afae20e110
Event: 139.579 Thread 0x000001afc0cf7450 flushing  nmethod 0x000001afae218910
Event: 139.579 Thread 0x000001afc0cf7450 flushing  nmethod 0x000001afae253e90
Event: 139.579 Thread 0x000001afc0cf7450 flushing  nmethod 0x000001afae254c90
Event: 139.579 Thread 0x000001afc0cf7450 flushing  nmethod 0x000001afae255710
Event: 139.579 Thread 0x000001afc0cf7450 flushing  nmethod 0x000001afae256190
Event: 139.579 Thread 0x000001afc0cf7450 flushing  nmethod 0x000001afae256510
Event: 139.579 Thread 0x000001afc0cf7450 flushing  nmethod 0x000001afae25ca10
Event: 139.579 Thread 0x000001afc0cf7450 flushing  nmethod 0x000001afae25d690
Event: 139.579 Thread 0x000001afc0cf7450 flushing  nmethod 0x000001afae25ea10
Event: 139.579 Thread 0x000001afc0cf7450 flushing  nmethod 0x000001afae263990
Event: 139.579 Thread 0x000001afc0cf7450 flushing  nmethod 0x000001afae264110
Event: 139.579 Thread 0x000001afc0cf7450 flushing  nmethod 0x000001afae272690
Event: 139.579 Thread 0x000001afc0cf7450 flushing  nmethod 0x000001afae273390
Event: 139.579 Thread 0x000001afc0cf7450 flushing  nmethod 0x000001afae278710
Event: 157.426 Thread 0x000001afc0cf7450 flushing  nmethod 0x000001afb3e33990
Event: 157.442 Thread 0x000001afc0cf7450 flushing  nmethod 0x000001afad0a5b90

Events (20 events):
Event: 140.467 Thread 0x000001afe85769b0 Thread added: 0x000001afe6fa4cb0
Event: 140.468 Thread 0x000001afe85769b0 Thread added: 0x000001afe6fa2940
Event: 140.890 Thread 0x000001afe85769b0 Thread added: 0x000001afe6fa3360
Event: 140.892 Thread 0x000001afe77bd710 Thread added: 0x000001afe61fb3e0
Event: 141.142 Thread 0x000001afe85769b0 Thread added: 0x000001afe6fa3870
Event: 141.208 Thread 0x000001afe85769b0 Thread added: 0x000001afef3f4760
Event: 141.438 Thread 0x000001afe53e9570 Thread exited: 0x000001afe53e9570
Event: 141.438 Thread 0x000001afe53ea010 Thread exited: 0x000001afe53ea010
Event: 141.682 Thread 0x000001afc0ce0b10 Thread added: 0x000001afef8b1dc0
Event: 142.537 Thread 0x000001afc0ce0b10 Thread added: 0x000001afe82a67e0
Event: 142.923 Thread 0x000001afe3ea8250 Thread added: 0x000001afefc49760
Event: 143.692 Thread 0x000001afe7f14710 Thread added: 0x000001afe9bcea50
Event: 143.882 Thread 0x000001afe82a67e0 Thread exited: 0x000001afe82a67e0
Event: 143.882 Thread 0x000001afef8b1dc0 Thread exited: 0x000001afef8b1dc0
Event: 144.117 Thread 0x000001afc0ce0b10 Thread added: 0x000001afe7bb0b50
Event: 144.301 Thread 0x000001afe7bb0b50 Thread exited: 0x000001afe7bb0b50
Event: 157.352 Thread 0x000001afc0cd74b0 Thread added: 0x000001afef8b3300
Event: 157.733 Thread 0x000001afef8b3300 Thread exited: 0x000001afef8b3300
Event: 159.827 Thread 0x000001afc0ce0b10 Thread added: 0x000001afe7bb10a0
Event: 161.711 Thread 0x000001afe7bb10a0 Thread exited: 0x000001afe7bb10a0


Dynamic libraries:
0x00007ff7499f0000 - 0x00007ff7499fe000 	C:\Program Files\Microsoft\jdk-17.0.20.101-hotspot\bin\java.exe
0x00007ffdc2280000 - 0x00007ffdc24e7000 	C:\WINDOWS\SYSTEM32\ntdll.dll
0x00007ffdc1030000 - 0x00007ffdc10fb000 	C:\WINDOWS\System32\KERNEL32.DLL
0x00007ffdbf480000 - 0x00007ffdbf882000 	C:\WINDOWS\System32\KERNELBASE.dll
0x00007ffdbfa90000 - 0x00007ffdbfbdc000 	C:\WINDOWS\System32\ucrtbase.dll
0x00007ffd82f10000 - 0x00007ffd82f2e000 	C:\Program Files\Microsoft\jdk-17.0.20.101-hotspot\bin\VCRUNTIME140.dll
0x00007ffd82f70000 - 0x00007ffd82f88000 	C:\Program Files\Microsoft\jdk-17.0.20.101-hotspot\bin\jli.dll
0x00007ffdc1cf0000 - 0x00007ffdc1ebf000 	C:\WINDOWS\System32\USER32.dll
0x00007ffdabb50000 - 0x00007ffdabde0000 	C:\WINDOWS\WinSxS\amd64_microsoft.windows.common-controls_6595b64144ccf1df_6.0.26100.9278_none_3e0d1ba8e3303201\COMCTL32.dll
0x00007ffdbfcb0000 - 0x00007ffdbfcd7000 	C:\WINDOWS\System32\win32u.dll
0x00007ffdc0a00000 - 0x00007ffdc0aa9000 	C:\WINDOWS\System32\msvcrt.dll
0x00007ffdbffa0000 - 0x00007ffdbffcb000 	C:\WINDOWS\System32\GDI32.dll
0x00007ffdbfce0000 - 0x00007ffdbfe09000 	C:\WINDOWS\System32\gdi32full.dll
0x00007ffdbf9e0000 - 0x00007ffdbfa83000 	C:\WINDOWS\System32\msvcp_win.dll
0x00007ffdc0160000 - 0x00007ffdc0191000 	C:\WINDOWS\System32\IMM32.DLL
0x00007ffd94a50000 - 0x00007ffd94a5c000 	C:\Program Files\Microsoft\jdk-17.0.20.101-hotspot\bin\vcruntime140_1.dll
0x00007ffd81f60000 - 0x00007ffd81fe9000 	C:\Program Files\Microsoft\jdk-17.0.20.101-hotspot\bin\msvcp140.dll
0x00007ffd293d0000 - 0x00007ffd2a04b000 	C:\Program Files\Microsoft\jdk-17.0.20.101-hotspot\bin\server\jvm.dll
0x00007ffdc0ed0000 - 0x00007ffdc0f8c000 	C:\WINDOWS\System32\ADVAPI32.dll
0x00007ffdc00b0000 - 0x00007ffdc0159000 	C:\WINDOWS\System32\sechost.dll
0x00007ffdc0840000 - 0x00007ffdc0958000 	C:\WINDOWS\System32\RPCRT4.dll
0x00007ffdc0fa0000 - 0x00007ffdc1020000 	C:\WINDOWS\System32\WS2_32.dll
0x00007ffdbf2e0000 - 0x00007ffdbf33e000 	C:\WINDOWS\SYSTEM32\POWRPROF.dll
0x00007ffdb88c0000 - 0x00007ffdb88cb000 	C:\WINDOWS\SYSTEM32\VERSION.dll
0x00007ffdab620000 - 0x00007ffdab656000 	C:\WINDOWS\SYSTEM32\WINMM.dll
0x00007ffdbf2c0000 - 0x00007ffdbf2d5000 	C:\WINDOWS\SYSTEM32\UMPDC.dll
0x00007ffdbe110000 - 0x00007ffdbe12b000 	C:\WINDOWS\SYSTEM32\kernel.appcore.dll
0x00007ffd94280000 - 0x00007ffd9428a000 	C:\Program Files\Microsoft\jdk-17.0.20.101-hotspot\bin\jimage.dll
0x00007ffdab350000 - 0x00007ffdab59c000 	C:\WINDOWS\SYSTEM32\DBGHELP.DLL
0x00007ffdc0b40000 - 0x00007ffdc0ec5000 	C:\WINDOWS\System32\combase.dll
0x00007ffdbffd0000 - 0x00007ffdc00a9000 	C:\WINDOWS\System32\OLEAUT32.dll
0x00007ffd99c60000 - 0x00007ffd99c9b000 	C:\WINDOWS\SYSTEM32\dbgcore.DLL
0x00007ffdbf890000 - 0x00007ffdbf93c000 	C:\WINDOWS\System32\bcryptPrimitives.dll
0x00007ffd8c0c0000 - 0x00007ffd8c0cf000 	C:\Program Files\Microsoft\jdk-17.0.20.101-hotspot\bin\instrument.dll
0x00007ffd82c70000 - 0x00007ffd82c96000 	C:\Program Files\Microsoft\jdk-17.0.20.101-hotspot\bin\java.dll
0x00007ffd7dc70000 - 0x00007ffd7dd46000 	C:\Program Files\Microsoft\jdk-17.0.20.101-hotspot\bin\jsvml.dll
0x00007ffdc11c0000 - 0x00007ffdc1958000 	C:\WINDOWS\System32\SHELL32.dll
0x00007ffdbcdb0000 - 0x00007ffdbd65e000 	C:\WINDOWS\SYSTEM32\windows.storage.dll
0x00007ffdc1960000 - 0x00007ffdc1a5b000 	C:\WINDOWS\System32\SHCORE.dll
0x00007ffdc0960000 - 0x00007ffdc09c6000 	C:\WINDOWS\System32\shlwapi.dll
0x00007ffdbf3a0000 - 0x00007ffdbf3c9000 	C:\WINDOWS\SYSTEM32\profapi.dll
0x00007ffd81eb0000 - 0x00007ffd81ec8000 	C:\Program Files\Microsoft\jdk-17.0.20.101-hotspot\bin\zip.dll
0x00007ffd81f40000 - 0x00007ffd81f5b000 	C:\Program Files\Microsoft\jdk-17.0.20.101-hotspot\bin\net.dll
0x00007ffdb8a00000 - 0x00007ffdb8b2a000 	C:\WINDOWS\SYSTEM32\WINHTTP.dll
0x00007ffdbe6b0000 - 0x00007ffdbe71c000 	C:\WINDOWS\system32\mswsock.dll
0x00007ffd81f20000 - 0x00007ffd81f36000 	C:\Program Files\Microsoft\jdk-17.0.20.101-hotspot\bin\nio.dll
0x00007ffd93d70000 - 0x00007ffd93d80000 	C:\Program Files\Microsoft\jdk-17.0.20.101-hotspot\bin\verify.dll
0x00007ffd7efd0000 - 0x00007ffd7eff7000 	C:\Users\abhayr\.gradle\native\1def1411415f61bf3af743bc5b6707747c0891f09f0c88961ee8f79bc544acac\windows-amd64\native-platform.dll
0x00007ffd7d3d0000 - 0x00007ffd7d448000 	C:\Users\abhayr\.gradle\native\0.2.7\x86_64-windows-gnu\gradle-fileevents.dll
0x00007ffd8f1b0000 - 0x00007ffd8f1ba000 	C:\Program Files\Microsoft\jdk-17.0.20.101-hotspot\bin\management.dll
0x00007ffd8f0d0000 - 0x00007ffd8f0dc000 	C:\Program Files\Microsoft\jdk-17.0.20.101-hotspot\bin\management_ext.dll
0x00007ffdc0ab0000 - 0x00007ffdc0ab8000 	C:\WINDOWS\System32\PSAPI.DLL
0x00007ffdbd810000 - 0x00007ffdbd843000 	C:\WINDOWS\SYSTEM32\IPHLPAPI.DLL
0x00007ffdc1a60000 - 0x00007ffdc1a6a000 	C:\WINDOWS\System32\NSI.dll
0x00007ffdb8d90000 - 0x00007ffdb8dad000 	C:\WINDOWS\SYSTEM32\dhcpcsvc6.DLL
0x00007ffdb8d60000 - 0x00007ffdb8d85000 	C:\WINDOWS\SYSTEM32\dhcpcsvc.DLL
0x00007ffdbd850000 - 0x00007ffdbd9a8000 	C:\WINDOWS\SYSTEM32\DNSAPI.dll
0x00007ffdbe4b0000 - 0x00007ffdbe4bd000 	C:\WINDOWS\SYSTEM32\DSPARSE.dll
0x00007ffd8c140000 - 0x00007ffd8c149000 	C:\Program Files\Microsoft\jdk-17.0.20.101-hotspot\bin\extnet.dll
0x00007ffdbead0000 - 0x00007ffdbeaeb000 	C:\WINDOWS\SYSTEM32\CRYPTSP.dll
0x00007ffdbe070000 - 0x00007ffdbe0a9000 	C:\WINDOWS\system32\rsaenh.dll
0x00007ffdbe760000 - 0x00007ffdbe794000 	C:\WINDOWS\SYSTEM32\USERENV.dll
0x00007ffdbf370000 - 0x00007ffdbf39a000 	C:\WINDOWS\SYSTEM32\bcrypt.dll
0x00007ffdbe910000 - 0x00007ffdbe91c000 	C:\WINDOWS\SYSTEM32\CRYPTBASE.dll
0x00007ffd8acc0000 - 0x00007ffd8acce000 	C:\Program Files\Microsoft\jdk-17.0.20.101-hotspot\bin\sunmscapi.dll
0x00007ffdbfe10000 - 0x00007ffdbff8e000 	C:\WINDOWS\System32\CRYPT32.dll
0x00007ffdbec40000 - 0x00007ffdbec70000 	C:\WINDOWS\SYSTEM32\ncrypt.dll
0x00007ffdbebf0000 - 0x00007ffdbec2f000 	C:\WINDOWS\SYSTEM32\NTASN1.dll
0x00007ffd8abf0000 - 0x00007ffd8abf8000 	C:\WINDOWS\system32\wshunix.dll
0x00007ffd8eef0000 - 0x00007ffd8ef08000 	C:\WINDOWS\system32\napinsp.dll
0x00007ffd8eed0000 - 0x00007ffd8eee3000 	C:\WINDOWS\System32\winrnr.dll
0x00007ffd8eea0000 - 0x00007ffd8eec7000 	C:\WINDOWS\system32\nlansp_c.dll
0x00007ffd8ee80000 - 0x00007ffd8ee96000 	C:\WINDOWS\system32\wshbth.dll
0x00007ffdb6ca0000 - 0x00007ffdb6cab000 	C:\Windows\System32\rasadhlp.dll
0x00007ffdb8fa0000 - 0x00007ffdb9026000 	C:\WINDOWS\System32\fwpuclnt.dll
0x00007ffdbe240000 - 0x00007ffdbe276000 	C:\WINDOWS\SYSTEM32\ntmarta.dll

dbghelp: loaded successfully - version: 4.0.5 - missing functions: none
symbol engine: initialized successfully - sym options: 0x614 - pdb path: .;C:\Program Files\Microsoft\jdk-17.0.20.101-hotspot\bin;C:\WINDOWS\SYSTEM32;C:\WINDOWS\WinSxS\amd64_microsoft.windows.common-controls_6595b64144ccf1df_6.0.26100.9278_none_3e0d1ba8e3303201;C:\Program Files\Microsoft\jdk-17.0.20.101-hotspot\bin\server;C:\Users\abhayr\.gradle\native\1def1411415f61bf3af743bc5b6707747c0891f09f0c88961ee8f79bc544acac\windows-amd64;C:\Users\abhayr\.gradle\native\0.2.7\x86_64-windows-gnu

VM Arguments:
jvm_args: --add-opens=java.base/java.lang=ALL-UNNAMED --add-opens=java.base/java.lang.invoke=ALL-UNNAMED --add-opens=java.base/java.util=ALL-UNNAMED --add-opens=java.prefs/java.util.prefs=ALL-UNNAMED --add-exports=jdk.compiler/com.sun.tools.javac.api=ALL-UNNAMED --add-exports=jdk.compiler/com.sun.tools.javac.util=ALL-UNNAMED --add-opens=java.base/java.util=ALL-UNNAMED --add-opens=java.prefs/java.util.prefs=ALL-UNNAMED --add-opens=java.base/java.nio.charset=ALL-UNNAMED --add-opens=java.base/java.net=ALL-UNNAMED --add-opens=java.base/java.util.concurrent.atomic=ALL-UNNAMED --add-opens=java.xml/javax.xml.namespace=ALL-UNNAMED -XX:MaxMetaspaceSize=512m -Xmx2048m -Dfile.encoding=windows-1252 -Duser.country=US -Duser.language=en -Duser.variant -javaagent:C:\Users\abhayr\.gradle\wrapper\dists\gradle-8.13-bin\5xuhj0ry160q40clulazy9h7d\gradle-8.13\lib\agents\gradle-instrumentation-agent-8.13.jar 
java_command: org.gradle.launcher.daemon.bootstrap.GradleDaemon 8.13
java_class_path (initial): C:\Users\abhayr\.gradle\wrapper\dists\gradle-8.13-bin\5xuhj0ry160q40clulazy9h7d\gradle-8.13\lib\gradle-daemon-main-8.13.jar
Launcher Type: SUN_STANDARD

[Global flags]
     intx CICompilerCount                          = 4                                         {product} {ergonomic}
   size_t CompressedClassSpaceSize                 = 436207616                                 {product} {ergonomic}
     uint ConcGCThreads                            = 3                                         {product} {ergonomic}
     uint G1ConcRefinementThreads                  = 10                                        {product} {ergonomic}
   size_t G1HeapRegionSize                         = 1048576                                   {product} {ergonomic}
    uintx GCDrainStackTargetSize                   = 64                                        {product} {ergonomic}
   size_t InitialHeapSize                          = 266338304                                 {product} {ergonomic}
   size_t MarkStackSize                            = 4194304                                   {product} {ergonomic}
   size_t MaxHeapSize                              = 2147483648                                {product} {command line}
   size_t MaxMetaspaceSize                         = 536870912                                 {product} {command line}
   size_t MaxNewSize                               = 1287651328                                {product} {ergonomic}
   size_t MinHeapDeltaBytes                        = 1048576                                   {product} {ergonomic}
   size_t MinHeapSize                              = 8388608                                   {product} {ergonomic}
    uintx NonNMethodCodeHeapSize                   = 5839372                                {pd product} {ergonomic}
    uintx NonProfiledCodeHeapSize                  = 122909434                              {pd product} {ergonomic}
    uintx ProfiledCodeHeapSize                     = 122909434                              {pd product} {ergonomic}
    uintx ReservedCodeCacheSize                    = 251658240                              {pd product} {ergonomic}
     bool SegmentedCodeCache                       = true                                      {product} {ergonomic}
   size_t SoftMaxHeapSize                          = 2147483648                             {manageable} {ergonomic}
     bool UseCompressedClassPointers               = true                           {product lp64_product} {ergonomic}
     bool UseCompressedOops                        = true                           {product lp64_product} {ergonomic}
     bool UseG1GC                                  = true                                      {product} {ergonomic}
     bool UseLargePagesIndividualAllocation        = false                                  {pd product} {ergonomic}

Logging:
Log output configuration:
 #0: stdout all=warning uptime,level,tags
 #1: stderr all=off uptime,level,tags

Environment Variables:
JAVA_HOME=C:\Program Files\Microsoft\jdk-17.0.20.101-hotspot
CLASSPATH=D:\Lock Screen\android\\gradle\wrapper\gradle-wrapper.jar
PATH=D:\Lock Screen\node_modules\.bin;D:\node_modules\.bin;C:\Users\abhayr\AppData\Roaming\npm\node_modules\npm\node_modules\@npmcli\run-script\lib\node-gyp-bin;c:\Users\abhayr\AppData\Roaming\Code\User\globalStorage\github.copilot-chat\debugCommand;c:\Users\abhayr\AppData\Roaming\Code\User\globalStorage\github.copilot-chat\copilotCli;C:\Program Files\dotnet\;C:\Program Files\Microsoft\jdk-17.0.20.101-hotspot\bin;C:\Program Files\Microsoft SDKs\Azure\CLI2\wbin;C:\WINDOWS\system32;C:\WINDOWS;C:\WINDOWS\System32\Wbem;C:\WINDOWS\System32\WindowsPowerShell\v1.0\;C:\WINDOWS\System32\OpenSSH\;C:\Program Files (x86)\Microsoft SQL Server\160\Tools\Binn\;C:\Program Files\Microsoft SQL Server\160\Tools\Binn\;C:\Program Files\Microsoft SQL Server\Client SDK\ODBC\170\Tools\Binn\;C:\Program Files\Microsoft SQL Server\160\DTS\Binn\;C:\Program Files (x86)\Microsoft SQL Server\160\DTS\Binn\;C:\Program Files\Microsoft SQL Server\150\Tools\Binn\;C:\ProgramData\chocolatey\bin;C:\Program Files\Git\cmd;C:\Program Files\TortoiseGit\bin;C:\Program Files\Microsoft SQL Server\170\Tools\Binn\;C:\Program Files\nodejs\;C:\Users\abhayr\AppData\Local\Microsoft\WindowsApps;C:\Users\abhayr\.dotnet\tools;C:\Users\abhayr\AppData\Local\Programs\Microsoft VS Code\bin;D:\;C:\Users\abhayr\AppData\Roaming\Microsoft\Windows\Start Menu\Programs\Python 3.9;C:\Users\abhayr\AppData\Roaming\npm;C:\Users\abhayr\AppData\Local\Programs\DockerDesktop\resources\bin;C:\Users\abhayr\AppData\Local\Android\Sdk\platform-tools;C:\Users\abhayr\AppData\Local\Android\Sdk\emulator;C:\Users\abhayr\AppData\Local\Android\Sdk\cmdline-tools\latest\bin;C:\Program Files\Microsoft\jdk-17.0.20.101-hotspot\bin
USERNAME=abhayr
LANG=en_US.UTF-8
OS=Windows_NT
PROCESSOR_IDENTIFIER=Intel64 Family 6 Model 165 Stepping 3, GenuineIntel
TMP=C:\Users\abhayr\AppData\Local\Temp
TEMP=C:\Users\abhayr\AppData\Local\Temp



Periodic native trim disabled


---------------  S Y S T E M  ---------------

OS:
 Windows 11 , 64 bit Build 26100 (10.0.26100.9444)
OS uptime: 3 days 21:43 hours
Hyper-V role detected

CPU: total 12 (initial active 12) (6 cores per cpu, 2 threads per core) family 6 model 165 stepping 3 microcode 0x100, cx8, cmov, fxsr, ht, mmx, 3dnowpref, sse, sse2, sse3, ssse3, sse4.1, sse4.2, popcnt, lzcnt, tsc, tscinvbit, avx, avx2, aes, erms, clmul, bmi1, bmi2, adx, fma, vzeroupper, clflush, clflushopt, hv
Processor Information for the first 12 processors :
  Max Mhz: 3201, Current Mhz: 3201, Mhz Limit: 3201

Memory: 4k page, system-wide physical 16130M (469M free)
TotalPageFile size 28188M (AvailPageFile size 33M)
current process WorkingSet (physical memory assigned to process): 644M, peak: 772M
current process commit charge ("private bytes"): 778M, peak: 827M

vm_info: OpenJDK 64-Bit Server VM (17.0.20.1+1-LTS) for windows-amd64 JRE (17.0.20.1+1-LTS), built on Aug 11 2026 20:17:22 by "MicrosoftCorporation" with MS VC++ 17.14 (VS2022)

END.
